municipality_number, postcode_number, postcode_supplement, pct_in_municipality
5586,1000,25,100
5586,1000,26,100
5586,1000,27,100
5586,1003,0,100
5586,1004,0,100
5586,1005,0,100
5586,1006,0,100
5586,1007,0,100
5589,1008,0,99.9
5591,1008,0,0.1
5585,1008,2,100
5590,1009,0,100
5586,1010,0,100
5586,1011,0,100
5586,1012,0,100
5627,1015,0,6
5635,1015,0,90
5648,1015,0,4
5586,1018,0,100
5591,1020,0,100
5627,1022,0,100
5583,1023,0,99.68
5586,1023,0,0.32
5635,1024,0,100
5648,1025,0,100
5632,1026,2,100
5633,1026,3,100
5638,1027,0,100
5643,1028,0,100
5651,1029,0,100
5624,1030,0,100
5489,1031,0,99.03
5503,1031,0,0.97
5586,1032,0,20.82
5592,1032,0,79.18
5582,1033,0,91.86
5583,1033,0,0.43
5586,1033,0,7.71
5473,1034,0,100
5472,1035,0,100
5501,1036,0,100
5521,1037,0,100
5512,1038,0,99.19
5661,1038,0,0.27
5693,1038,0,0.54
5518,1040,0,100
5537,1040,2,100
5535,1040,3,100
5540,1041,21,100
5804,1041,22,100
5540,1041,26,100
5540,1041,31,100
5533,1041,32,100
5514,1041,33,100
5511,1042,0,100
5513,1042,3,100
5471,1042,4,100
5540,1043,0,100
5522,1044,0,100
5680,1045,0,99.31
5903,1045,0,0.69
5534,1046,0,100
5534,1047,0,1.3
5923,1047,0,98.7
5586,1052,0,0.21
5587,1052,0,99.79
5516,1053,0,92.96
5586,1053,0,7.04
5515,1053,2,100
5527,1054,0,100
5523,1055,0,100
5804,1058,0,100
5673,1059,0,2.96
5804,1059,0,97.04
5804,1061,0,100
5804,1062,0,100
5693,1063,0,100
5693,1063,2,100
5661,1063,3,100
5693,1063,4,98.33
5804,1063,4,1.67
5584,1066,0,99.94
5586,1066,0,0.06
5590,1068,0,100
5607,1070,0,99.61
5613,1070,0,0.26
5882,1070,0,0.13
5601,1071,0,83.19
5609,1071,0,0.18
5610,1071,0,14.01
5882,1071,0,2.63
5607,1071,1,0.91
5609,1071,1,99.09
5610,1071,2,87.61
5882,1071,2,12.39
5604,1072,0,100
5611,1073,0,100
5604,1073,2,10.37
5611,1073,2,89.63
5806,1076,0,100
5799,1077,0,100
5788,1078,0,100
5604,1080,0,0.38
5799,1080,0,99.62
5792,1081,0,100
5785,1082,0,100
5806,1083,0,100
5803,1084,0,0.29
5806,1084,0,99.71
5803,1085,0,100
5798,1088,0,100
5606,1090,0,99.76
5611,1090,0,0.24
5604,1091,0,0.5
5613,1091,0,99.5
5611,1091,1,0.55
5613,1091,1,99.45
5613,1091,3,100
5581,1092,0,99.75
5606,1092,0,0.25
5606,1093,0,100
5588,1094,0,100
5606,1095,0,99.91
5613,1095,0,0.09
5607,1096,0,6.7
5613,1096,0,93.3
5613,1096,2,100
5613,1097,0,100
5607,1098,0,4.92
5613,1098,0,95.08
5642,1110,0,100
5634,1112,0,100
5634,1113,0,100
5634,1114,0,100
5654,1115,0,100
5478,1116,0,100
5485,1117,0,100
5622,1121,0,100
5645,1122,0,100
5621,1123,0,100
5484,1124,0,100
5634,1125,0,100
5650,1126,0,100
5629,1127,0,100
5421,1128,0,0.94
5644,1128,0,99.06
5649,1131,0,100
5639,1132,0,100
5653,1134,0,100
5628,1134,2,100
5631,1135,0,100
5625,1136,0,100
5500,1141,0,100
5494,1142,0,100
5421,1143,0,99.52
5500,1143,0,0.48
5423,1144,0,100
5425,1145,0,99.46
5435,1145,0,0.54
5431,1146,0,100
5492,1147,0,100
5486,1148,0,100
5488,1148,2,100
5486,1148,3,100
5479,1148,4,100
5491,1148,5,100
5758,1148,6,100
5474,1148,7,1.72
5475,1148,7,98.28
5490,1148,8,100
5486,1148,9,100
5424,1149,0,99.2
5425,1149,0,0.8
5639,1162,0,0.91
5646,1162,0,99.09
5636,1163,0,100
5623,1164,0,100
5851,1165,0,100
5427,1166,0,0.48
5860,1166,0,99.52
5640,1167,0,100
5652,1168,0,100
5655,1169,0,100
5422,1170,0,99.37
5432,1170,0,0.13
5637,1170,0,0.5
5422,1172,0,1.89
5426,1172,0,98.11
5427,1173,0,100
5432,1174,0,100
5422,1174,2,100
5637,1175,0,100
5435,1176,0,100
5856,1180,0,5.68
5857,1180,0,2.29
5861,1180,0,92.03
5856,1180,2,8.43
5862,1180,2,91.57
5857,1182,0,100
5853,1183,0,94.58
5857,1183,0,5.42
5858,1184,0,100
5863,1184,1,100
5856,1185,0,0.16
5859,1185,0,99.84
5856,1186,0,98.78
5857,1186,0,1.22
5436,1187,0,100
5428,1188,0,100
5434,1188,2,100
5437,1189,0,100
5852,1195,2,0.47
5855,1195,2,99.53
5852,1195,3,98.35
5857,1195,3,1.65
5710,1196,0,0.47
5721,1196,0,99.46
5725,1196,0,0.07
5725,1197,0,100
6621,1201,0,100
6621,1202,0,98.97
6623,1202,0,0.34
6634,1202,0,0.69
6621,1203,0,100
6621,1204,0,100
6621,1205,0,100
6621,1206,0,100
6621,1207,0,100
6621,1208,0,100
6621,1209,0,98.58
6623,1209,0,0.24
6643,1209,0,1.18
6608,1212,0,0.17
6628,1212,0,91.63
6631,1212,0,7.21
6633,1212,0,0.99
6621,1213,0,1.38
6628,1213,0,98.62
6628,1213,3,0.69
6631,1213,3,99.31
6630,1214,0,2.61
6638,1214,0,4.98
6643,1214,0,92.41
6623,1215,0,49.23
6630,1215,0,50.77
6623,1216,0,0.22
6630,1216,0,67.17
6643,1216,0,32.61
6630,1217,0,99.64
6638,1217,0,0.36
6621,1218,0,0.08
6623,1218,0,99.92
6643,1219,0,100
6643,1219,10,100
6643,1219,12,100
6643,1220,0,100
6616,1222,0,100
6617,1223,0,100
6612,1224,0,100
6613,1225,0,100
6640,1226,0,100
6608,1227,0,95.73
6621,1227,0,0.36
6628,1227,0,3.91
6608,1227,4,1.65
6621,1227,4,92.01
6628,1227,4,6.34
6618,1228,0,0.11
6628,1228,0,0.53
6633,1228,0,99.36
6612,1231,0,97.58
6621,1231,0,2.42
6607,1232,0,0.47
6618,1232,0,99.53
6607,1233,0,100
6645,1234,0,100
6604,1236,0,1.05
6607,1236,0,1.39
6609,1236,0,96.52
6627,1236,0,1.05
6603,1237,0,99.68
6611,1237,0,0.32
6615,1239,0,100
6636,1241,0,100
6638,1242,0,100
6635,1243,0,100
6614,1244,0,100
6616,1245,0,100
6616,1246,0,0.18
6619,1246,0,99.82
6602,1247,0,100
6625,1248,0,100
6624,1251,0,100
6629,1252,0,100
6642,1253,0,100
6624,1254,0,1.43
6626,1254,0,98.57
6641,1255,0,0.27
6645,1255,0,99.73
6628,1256,0,0.43
6633,1256,0,15.32
6641,1256,0,84.11
6645,1256,0,0.14
6605,1257,0,98.51
6633,1257,0,0.64
6641,1257,0,0.85
6605,1258,0,2.41
6632,1258,0,97.59
5724,1260,0,99.82
5725,1260,0,0.18
5430,1261,32,100
5731,1261,33,100
5429,1261,35,100
5716,1262,0,100
5714,1263,0,100
5702,1264,0,0.23
5727,1264,0,99.77
5727,1265,0,100
5715,1266,0,100
5732,1267,1,100
5710,1267,2,100
5704,1268,0,100
5853,1268,2,4.68
5854,1268,2,94.74
5863,1268,2,0.58
5703,1269,0,100
5730,1270,0,100
5720,1271,0,100
5718,1272,0,99.68
5720,1272,0,0.32
5702,1273,0,100
5728,1274,1,100
5722,1274,3,98.23
5728,1274,3,0.88
5730,1274,3,0.88
5709,1275,0,99.45
5726,1275,0,0.55
5709,1276,0,0.24
5719,1276,0,99.53
5727,1276,0,0.24
5701,1277,0,0.36
5706,1277,0,99.64
5701,1277,1,100
5726,1278,0,100
5707,1279,0,100
5705,1279,2,100
6637,1281,0,98.86
6638,1281,0,1.14
6620,1283,0,100
6620,1283,1,100
6611,1284,0,100
6604,1285,0,97.72
6611,1285,0,2.28
6607,1286,0,0.49
6639,1286,0,99.51
6627,1287,0,100
6601,1288,0,100
5723,1290,0,0.24
6615,1290,0,2.61
6622,1290,0,0.06
6644,1290,0,97.09
5708,1290,2,100
5711,1291,0,100
6621,1292,0,1.14
6634,1292,0,98.86
6606,1293,0,95.97
6622,1293,0,4.03
6606,1294,0,0.36
6622,1294,0,99.64
5723,1295,1,99.83
5729,1295,1,0.17
5729,1295,2,100
5712,1296,0,100
5712,1297,0,1.02
5717,1297,0,98.98
6610,1298,0,100
5713,1299,0,100
5503,1302,0,100
5496,1303,0,100
5477,1304,0,100
5481,1304,2,100
5477,1304,3,100
5499,1304,4,100
5495,1305,0,100
5471,1306,0,1.01
5480,1306,0,98.99
5487,1307,0,100
5474,1308,0,100
5482,1312,0,100
5483,1313,0,100
5498,1315,0,100
5474,1316,0,1.94
5476,1316,0,98.06
5493,1317,0,100
5497,1318,0,100
5743,1321,0,100
5752,1322,0,100
5761,1323,0,100
5759,1324,0,100
5491,1325,0,0.93
5765,1325,0,99.07
5754,1326,0,100
5748,1329,0,100
5764,1337,0,100
5744,1338,0,100
5872,1341,0,100
5871,1342,0,100
5873,1343,0,100
5871,1344,0,100
5873,1345,0,100
5873,1345,1,100
5871,1346,0,100
5872,1347,0,100
5872,1347,1,100
5872,1348,0,100
5757,1350,0,100
5742,1352,0,100
5747,1353,0,100
5756,1354,0,100
5741,1355,0,100
5762,1355,2,100
5750,1356,0,100
5750,1356,2,100
5755,1357,0,100
5763,1358,0,100
5493,1372,0,2.45
5746,1372,0,97.55
5749,1373,0,100
5749,1374,0,100
5531,1375,0,100
5541,1376,0,100
5541,1376,2,100
5541,1376,3,100
5529,1377,0,100
5938,1400,0,100
5909,1400,5,99.66
5911,1400,5,0.34
5911,1404,0,100
5935,1404,2,100
5926,1405,0,100
5910,1406,0,100
5913,1407,0,100
5903,1407,2,1.45
5913,1407,2,98.55
5913,1407,3,100
5903,1407,4,100
5913,1408,0,100
5693,1409,0,100
5693,1410,0,100
5693,1410,2,100
5693,1410,3,100
2038,1410,4,100
5693,1410,5,100
5934,1412,0,100
5932,1412,2,100
5925,1413,0,100
5921,1415,0,100
5912,1415,2,100
5530,1416,0,100
5520,1417,0,100
5520,1417,2,100
5539,1418,0,100
5556,1420,0,100
5557,1421,0,100
5560,1421,2,100
5561,1422,0,100
5571,1423,0,100
5551,1423,2,26
5571,1423,2,74
5571,1423,3,100
5571,1423,4,100
5553,1424,0,100
5565,1425,0,100
5554,1426,0,100
5555,1426,1,100
5551,1427,0,100
5554,1428,1,4.33
5566,1428,1,95.67
5563,1428,2,100
5559,1429,0,100
5924,1430,0,100
5937,1431,0,100
5564,1431,2,100
5902,1432,0,100
5934,1432,2,2
5938,1432,2,98
5929,1433,0,100
5914,1434,0,100
5749,1435,0,100
5931,1436,0,100
5904,1436,2,100
5930,1437,0,100
5919,1438,0,100
5760,1439,0,100
5933,1441,0,100
5922,1442,0,100
5905,1443,0,100
5905,1443,2,100
5905,1443,3,100
5568,1445,0,2.42
5766,1445,0,97.58
5745,1446,0,100
5568,1450,0,100
5568,1450,2,100
5568,1450,3,100
5552,1452,0,88.89
5568,1452,0,11.11
5552,1453,0,99.22
5556,1453,0,0.78
5557,1453,2,2.42
5562,1453,2,92.74
5571,1453,2,4.84
5568,1454,0,100
5568,1454,2,100
5939,1462,0,100
5928,1463,0,100
5907,1464,0,100
5908,1464,2,100
2055,1468,0,100
2054,1470,0,100
2025,1470,2,98.74
2054,1470,2,1.26
2025,1470,3,100
2025,1470,4,100
2054,1473,0,100
2008,1473,2,100
2055,1474,0,100
2054,1475,0,100
2054,1475,2,100
2054,1475,3,100
2011,1482,0,100
2025,1483,0,0.79
2050,1483,0,99.21
2050,1483,2,100
2011,1483,3,100
2050,1484,0,100
2050,1484,2,100
2035,1485,0,94.08
5831,1485,0,5.92
2054,1486,0,100
2054,1489,0,100
5692,1509,0,100
5678,1510,0,100
5688,1510,2,100
5665,1512,0,100
5673,1513,0,98.61
5785,1513,0,0.69
5798,1513,0,0.69
5684,1513,2,100
5663,1514,0,100
5690,1515,0,100
5693,1515,1,100
5669,1521,0,100
5675,1522,0,99.85
5831,1522,0,0.15
5675,1522,9,100
5831,1523,0,100
5831,1524,0,100
5819,1525,0,100
2044,1525,2,2.14
5831,1525,2,97.86
5675,1526,0,100
5675,1526,2,100
2044,1527,0,100
2044,1528,0,100
2044,1528,2,100
2009,1529,0,100
2054,1530,0,0.12
5822,1530,0,99.88
2016,1532,0,100
2027,1533,0,100
2050,1534,0,0.97
5831,1534,0,99.03
2009,1534,2,100
5831,1535,0,100
5831,1536,0,100
5812,1537,0,100
5828,1538,0,100
2054,1541,0,100
2054,1541,2,100
2043,1541,3,100
2054,1542,0,100
5817,1543,0,100
2022,1544,0,100
5813,1545,0,100
5822,1551,0,100
5827,1552,0,100
2068,1553,0,100
5830,1554,0,100
5830,1554,2,100
5830,1555,0,100
2029,1562,0,0.16
5816,1562,0,99.52
5822,1562,0,0.32
2053,1563,0,100
2053,1564,0,100
5821,1565,0,100
2045,1565,2,100
2041,1566,0,100
2041,1566,2,100
2051,1567,0,100
2051,1568,0,100
2053,1580,0,0.11
5451,1580,0,99.89
2053,1580,2,6.6
5451,1580,2,93.4
5451,1580,3,100
2254,1583,0,100
5464,1584,0,100
5464,1585,0,100
5464,1585,2,100
5464,1585,3,100
5464,1586,0,100
5464,1587,0,100
5464,1587,1,100
5456,1588,0,100
5464,1589,0,100
5458,1595,0,100
661,1595,2,100
5805,1607,0,100
5805,1607,1,100
5805,1607,3,100
5607,1607,4,12.33
5805,1607,4,87.67
5805,1608,0,100
5805,1608,2,100
5805,1608,3,100
2066,1608,4,100
2335,1609,0,100
2335,1609,2,100
2335,1609,3,100
5805,1610,0,100
5805,1610,1,100
5805,1610,2,100
2338,1611,0,100
2321,1612,0,0.66
5805,1612,0,99.34
5790,1613,0,100
2328,1614,0,97.27
5882,1614,0,2.73
2323,1615,0,100
2321,1616,0,100
2333,1617,0,100
2321,1617,2,100
2325,1618,0,99.92
2333,1618,0,0.08
2325,1619,0,100
2336,1623,0,100
2338,1624,0,100
2338,1624,2,100
2336,1624,3,1.41
2338,1624,3,98.59
2152,1625,0,100
2152,1625,2,100
2152,1626,0,100
2152,1626,2,100
2152,1626,3,100
2155,1627,0,99.31
2336,1627,0,0.69
2148,1628,0,0.44
2160,1628,0,99.56
2125,1630,0,100
2148,1632,0,100
2140,1633,0,100
2140,1633,2,100
2149,1634,0,100
2125,1635,0,96.7
2135,1635,0,2.85
2145,1635,0,0.46
2124,1636,0,98
2135,1636,0,2
2163,1637,0,100
2143,1638,0,100
2153,1642,0,100
2122,1643,0,100
2122,1644,0,100
2122,1645,0,100
2129,1646,0,1.38
2131,1646,0,98.62
2129,1647,0,100
2137,1648,0,100
2147,1649,0,100
2129,1651,0,100
2123,1652,0,100
2123,1652,2,100
2130,1653,2,100
2128,1653,3,100
2163,1654,0,100
2138,1656,0,100
2138,1656,1,100
791,1657,0,1.82
843,1657,0,98.18
5842,1658,0,100
5842,1658,2,100
5841,1659,0,0.16
5843,1659,0,99.84
5841,1659,2,23.56
5843,1659,2,76.44
5841,1660,0,100
5841,1660,2,100
5841,1660,3,100
5841,1660,4,100
2135,1661,0,0.28
2145,1661,0,99.72
2135,1663,0,100
2135,1663,2,100
2135,1663,3,100
2135,1663,4,100
2162,1665,0,100
2134,1666,0,100
2162,1666,2,100
2162,1667,0,100
2121,1669,0,100
2121,1669,2,100
2121,1669,3,100
2121,1669,4,100
2121,1669,5,100
2102,1670,0,100
2102,1670,2,100
2102,1670,3,100
2097,1673,0,100
2097,1673,2,100
2061,1673,3,100
2072,1673,4,100
2097,1673,5,100
2102,1674,0,100
2089,1674,2,100
2102,1674,3,100
2102,1675,0,100
2097,1675,2,96.97
2102,1675,2,3.03
2102,1675,3,100
2099,1676,0,100
2099,1677,0,100
2099,1678,0,100
2099,1679,0,100
2096,1680,0,99.18
2099,1680,0,0.12
2116,1680,0,0.7
2087,1680,2,100
2063,1681,0,100
2063,1681,2,100
5683,1682,0,100
5674,1682,2,100
5671,1682,3,100
5831,1682,4,100
5831,1682,5,100
5675,1683,0,100
5675,1683,2,100
5675,1683,3,100
2087,1684,0,100
2113,1685,0,100
2079,1686,0,100
2113,1686,2,100
2113,1687,0,100
2113,1687,2,100
2113,1687,3,100
2113,1688,0,100
2113,1688,2,100
2067,1689,0,100
2111,1690,0,97.07
2114,1690,0,2.93
2116,1690,2,100
2116,1691,0,100
2086,1692,0,100
2114,1694,0,100
2114,1694,2,100
2114,1694,3,100
2114,1694,4,100
2236,1695,0,100
2236,1695,2,100
2236,1695,3,100
2236,1695,4,100
2236,1696,0,100
2113,1697,0,100
2113,1697,2,100
2337,1699,0,100
2337,1699,2,100
2337,1699,3,100
2196,1700,0,96.32
2293,1700,0,0.59
2306,1700,0,3.1
2291,1712,0,8.11
2305,1712,0,0.12
2306,1712,0,91.76
2291,1713,0,4.21
2302,1713,0,93.57
2305,1713,0,0.67
2306,1713,0,1.55
2296,1714,0,71.61
2302,1714,0,28.39
2291,1715,0,95.91
2302,1715,0,3.16
2304,1715,0,0.93
2299,1716,0,100
2299,1716,2,100
2138,1716,3,0.54
2163,1716,3,0.18
2299,1716,3,99.28
2291,1717,0,0.81
2304,1717,0,99.19
2301,1718,0,92.84
2304,1718,0,7.16
2292,1719,0,98.8
2299,1719,0,1.2
2299,1719,2,100
2183,1720,0,100
2183,1720,2,100
2272,1721,1,98.85
5451,1721,1,1.15
2272,1721,2,100
2272,1721,4,100
2272,1721,5,100
2196,1722,0,100
2206,1723,0,100
2230,1723,3,100
2216,1723,4,100
2220,1724,0,99.75
2226,1724,0,0.25
2220,1724,2,98.98
2226,1724,2,1.02
2194,1724,3,100
2220,1724,4,100
2220,1724,5,100
2225,1724,6,97.92
2226,1724,6,2.08
2220,1724,7,100
2220,1724,8,96.41
2303,1724,8,3.59
2171,1725,0,1.42
2233,1725,0,98.58
2236,1726,0,100
2236,1726,2,100
2236,1726,3,100
2236,1726,4,100
2236,1727,0,100
2236,1727,2,100
2236,1728,0,100
2233,1730,0,100
2189,1731,0,100
2171,1732,0,100
2149,1733,0,0.23
2226,1733,0,99.77
2303,1734,0,0.5
2307,1734,0,99.5
2294,1735,0,99.4
2301,1735,0,0.6
2303,1736,0,100
2300,1737,0,100
852,1738,0,79.5
853,1738,0,14
2299,1738,0,6.5
2211,1740,0,100
2186,1741,0,100
2173,1742,0,100
2177,1744,0,100
2173,1745,0,4.47
2234,1745,0,95.53
2221,1746,0,100
2185,1747,0,100
2115,1748,0,100
2115,1749,0,100
2228,1752,0,100
2183,1753,0,2.51
2208,1753,0,97.49
2174,1754,2,100
2174,1754,4,100
2234,1756,0,100
2234,1756,2,100
2213,1757,0,100
2197,1762,0,100
2198,1763,0,100
2200,1772,0,100
2217,1772,1,100
2217,1772,2,100
2053,1773,0,100
2053,1773,2,100
2053,1773,3,100
2029,1774,0,100
2029,1774,2,100
2029,1775,2,100
2029,1775,3,100
2029,1776,0,98.59
2053,1776,0,1.41
2175,1782,0,100
2175,1782,2,100
2235,1782,3,100
2235,1782,4,100
2235,1782,5,100
2235,1782,6,100
2254,1783,0,100
2254,1783,4,100
2254,1784,0,100
2254,1784,3,100
2257,1785,0,100
2284,1786,0,100
2284,1787,0,100
2284,1787,1,100
5464,1787,2,100
2284,1788,0,100
2284,1789,0,100
2254,1791,0,100
2262,1792,0,100
2262,1792,2,100
2275,1793,0,100
2275,1794,0,100
2275,1795,0,100
2250,1796,0,100
669,1797,0,100
5890,1800,0,100
5882,1801,0,100
5883,1802,0,100
5882,1803,0,99.82
5885,1803,0,0.18
5884,1804,0,98.97
5885,1804,0,1.03
5882,1805,0,0.79
5884,1805,0,0.2
5885,1805,0,99.01
5888,1806,0,100
5881,1807,0,98.38
5886,1807,0,1.62
2321,1808,0,1.34
5884,1808,0,98.66
5884,1809,0,100
5889,1814,0,100
5886,1815,0,100
5881,1816,0,4.15
5886,1816,0,95.85
5886,1817,0,100
5886,1820,0,100
5886,1820,5,100
5891,1820,6,100
5886,1822,0,100
5886,1823,0,100
5886,1824,0,100
5886,1832,0,100
5886,1832,2,100
5886,1833,0,100
5414,1844,0,100
5408,1845,0,100
5403,1846,0,99.3
5415,1846,0,0.7
5412,1847,0,100
5413,1852,0,99.45
5415,1852,0,0.55
5415,1853,0,100
5407,1854,0,100
5404,1856,0,100
5401,1860,0,99.94
5409,1860,0,0.06
5410,1862,0,100
5410,1862,2,100
5401,1863,0,0.24
5410,1863,0,99.76
5411,1864,0,100
5411,1865,0,100
5409,1866,0,1.03
5410,1866,0,98.62
5411,1866,0,0.34
5409,1867,0,100
5409,1867,2,100
5409,1867,3,100
6152,1868,0,100
6215,1869,0,100
6153,1870,0,100
6153,1871,0,100
6153,1871,2,95.7
6215,1871,2,4.3
6152,1872,0,0.59
6156,1872,0,99.41
6157,1873,0,100
6157,1873,2,100
6157,1873,3,100
6151,1874,0,100
6156,1875,0,100
5402,1880,0,99.94
5409,1880,0,0.06
5402,1880,2,94.74
5405,1880,2,5.26
5402,1880,3,100
5402,1880,4,100
5402,1880,5,96.51
5405,1880,5,3.49
5402,1882,0,7.9
5405,1882,0,92.1
5409,1884,0,100
5409,1884,2,100
5409,1884,3,100
5409,1885,0,100
6217,1890,0,100
6217,1890,1,100
6215,1891,11,0.87
6220,1891,11,99.13
5406,1892,0,100
5406,1892,1,100
5406,1892,2,100
6152,1893,0,100
6158,1895,0,100
6159,1896,0,100
6159,1896,2,100
6154,1897,0,100
6154,1897,3,100
6155,1898,0,100
6158,1899,0,100
6213,1902,0,94.9
6217,1902,0,5.1
6211,1903,0,100
6136,1904,0,5.33
6219,1904,0,94.67
6212,1905,0,100
6132,1906,0,99.19
6136,1906,0,0.81
6141,1907,0,100
6139,1908,0,100
6135,1911,0,100
6022,1911,2,100
6135,1912,0,100
6135,1912,2,100
6135,1912,3,100
6135,1912,4,100
6140,1913,0,100
6134,1914,0,100
6139,1914,2,100
6139,1918,0,100
6136,1920,0,98.29
6219,1920,0,1.71
6137,1921,0,100
6218,1922,0,100
6218,1922,1,100
6218,1923,0,100
6218,1923,2,100
6214,1925,0,100
6214,1925,1,100
6133,1926,0,100
6036,1927,0,58.57
6131,1927,0,10.76
6136,1927,0,30.68
6137,1928,0,100
6142,1929,0,100
6131,1932,0,98.04
6137,1932,0,1.96
6131,1932,2,100
6035,1933,0,90.38
6036,1933,0,9.62
6036,1933,2,100
6035,1933,3,100
6035,1933,4,100
6031,1934,0,100
6031,1934,1,100
6031,1936,0,100
6034,1937,0,100
6034,1938,0,100
6036,1941,0,100
6036,1941,2,100
6036,1942,0,100
6034,1943,0,100
6034,1944,0,100
6033,1945,0,100
6033,1945,2,100
6033,1945,3,100
6033,1945,4,100
6033,1945,5,100
6033,1945,6,100
6033,1945,7,100
6033,1945,8,100
6033,1945,9,100
6033,1945,10,100
6033,1945,11,100
6033,1945,12,100
6032,1946,0,100
6031,1947,0,100
6031,1947,5,100
6031,1948,0,100
6031,1948,1,100
6031,1948,2,100
6263,1950,0,0.29
6265,1950,0,0.51
6266,1950,0,99.2
6022,1955,0,100
6022,1955,2,100
6022,1955,3,100
6022,1955,4,100
6022,1955,5,100
6021,1957,0,100
6246,1958,0,99.85
6248,1958,0,0.15
6082,1958,2,1.51
6266,1958,2,98.49
6090,1961,0,100
6265,1962,0,23.68
6266,1962,0,76.32
6025,1963,0,100
6023,1964,0,100
6265,1965,2,100
6265,1965,3,100
6265,1965,4,100
6265,1965,5,99.68
6266,1965,5,0.32
6265,1965,6,100
6265,1965,7,100
6265,1965,8,100
6265,1965,9,100
6265,1965,10,100
6265,1965,11,100
6082,1966,2,100
6082,1966,3,100
6082,1966,4,100
6082,1966,5,100
6082,1966,6,100
6082,1966,7,100
6082,1966,8,100
6082,1966,9,100
6082,1966,10,100
6082,1966,11,100
6266,1967,0,100
6090,1968,0,100
6087,1969,0,100
6087,1969,2,100
6087,1969,3,100
6087,1969,4,100
6087,1969,5,100
6263,1971,0,99.62
6266,1971,0,0.38
6263,1971,2,98.88
6266,1971,2,1.12
6082,1972,0,99.81
6261,1972,0,0.19
6090,1973,0,100
6261,1974,0,100
6023,1975,0,100
6023,1976,0,100
6023,1976,1,100
6023,1976,2,100
6239,1977,0,100
6239,1978,0,0.16
6240,1978,0,99.84
6089,1981,0,100
6084,1982,0,85.18
6087,1982,0,14.82
6083,1983,0,100
6083,1983,2,100
6083,1984,0,100
6083,1984,1,100
6083,1985,0,100
6083,1985,1,100
6083,1985,2,100
6083,1986,0,100
6084,1987,0,100
6089,1988,1,100
6089,1988,2,100
6266,1991,0,99.26
6267,1991,0,0.74
6266,1991,2,100
6266,1991,3,100
6266,1991,4,100
6266,1991,5,100
6266,1992,0,100
6089,1992,1,69.19
6266,1992,1,30.81
6266,1992,2,100
6266,1992,3,100
6024,1993,0,28.87
6266,1993,0,5.1
6267,1993,0,66.03
6024,1993,2,100
6024,1994,2,80.25
6266,1994,2,19.75
6024,1996,0,100
6024,1996,1,100
6024,1996,2,100
6024,1996,3,100
6024,1996,4,100
6024,1996,5,100
6024,1996,6,100
6024,1996,7,100
6024,1997,0,100
6024,1997,1,100
6024,1997,2,100
6416,2000,0,0.02
6458,2000,0,99.95
6485,2000,0,0.02
6416,2012,0,100
6404,2013,0,1.27
6416,2013,0,98.73
6404,2014,0,0.23
6416,2014,0,99.77
6404,2015,0,100
6408,2016,0,100
6404,2017,0,100
6413,2019,0,100
6404,2019,2,3.91
6413,2019,2,96.09
6408,2022,0,0.19
6417,2022,0,99.81
6417,2023,0,100
6417,2024,0,100
6417,2025,0,100
6417,2027,2,100
6417,2027,3,100
5554,2028,0,6.4
6417,2028,0,93.6
6412,2034,0,100
6407,2035,0,97.83
6413,2035,0,1.74
6416,2035,0,0.43
6407,2036,0,90.21
6416,2036,0,9.79
6407,2037,0,8.3
6487,2037,0,91.7
6413,2037,2,100
6485,2042,0,99.22
6487,2042,0,0.78
6487,2043,0,100
6487,2046,0,100
6487,2052,0,100
6487,2052,2,100
6487,2053,0,100
6487,2054,0,100
6487,2054,2,100
6487,2056,0,100
6487,2057,0,100
6487,2058,0,100
6487,2063,0,100
6487,2063,2,100
6487,2063,3,100
6487,2063,4,100
6487,2065,0,100
6453,2067,0,0.84
6458,2067,0,64.29
6487,2067,0,34.87
6454,2068,0,100
6451,2072,0,1.23
6452,2072,0,1.51
6459,2072,0,97.26
6453,2073,0,99.08
6455,2073,0,0.92
6461,2074,0,100
6451,2075,1,2.5
6461,2075,1,97.5
6461,2075,2,100
6451,2087,0,99.7
6452,2087,0,0.3
6452,2088,0,100
6413,2103,0,0.56
6417,2103,0,0.56
6512,2103,0,98.88
6437,2105,0,0.55
6512,2105,0,99.45
5566,2108,0,1.84
6512,2108,0,98.16
6512,2112,0,100
6512,2113,0,100
6512,2114,0,100
6504,2115,0,0.5
6512,2115,0,99.5
6512,2116,0,100
6504,2117,0,100
6512,2123,0,100
6432,2124,0,4.88
6512,2124,0,95.12
6511,2126,0,99.62
6512,2126,0,0.38
6512,2127,0,100
6404,2149,0,3.7
6413,2149,0,96.3
6413,2149,2,100
6413,2149,3,100
6487,2206,0,100
6487,2207,0,100
6487,2208,0,100
6421,2300,0,100
6421,2300,8,100
6421,2314,0,1.17
6423,2314,0,98.83
6437,2316,0,99.01
6512,2316,0,0.99
6437,2316,2,100
6413,2318,0,7.19
6433,2318,0,88.89
6512,2318,0,3.92
6421,2322,0,99.05
6436,2322,0,0.95
6422,2325,0,100
435,2333,0,84.96
445,2333,0,14.63
6742,2333,0,0.41
435,2333,2,100
6742,2336,0,99.54
6754,2336,0,0.46
6753,2338,0,100
6753,2338,2,100
6754,2340,0,100
448,2345,0,0.19
6743,2345,0,91.46
6753,2345,0,7.21
6754,2345,0,1.14
443,2345,2,35
445,2345,2,1.67
6753,2345,2,63.33
6744,2345,3,100
6757,2350,0,100
6745,2353,0,6.06
6757,2353,0,93.94
6757,2354,0,100
6741,2360,0,100
6751,2362,0,100
6751,2362,2,100
6741,2363,0,3.92
6745,2363,0,96.08
6758,2364,0,100
6431,2400,0,0.11
6436,2400,0,99.89
6434,2400,2,20
6435,2400,2,2
6436,2400,2,78
6434,2405,0,2.4
6435,2405,0,97.6
6432,2406,0,97.75
6434,2406,0,2.25
6432,2406,2,100
6432,2406,3,92.86
6435,2406,3,7.14
6432,2406,4,75.34
6511,2406,4,4.11
6512,2406,4,20.55
6434,2414,0,100
6431,2416,0,100
371,2500,0,100
371,2502,0,100
371,2503,0,99.78
733,2503,0,0.22
371,2504,0,99.46
733,2504,0,0.05
744,2504,0,0.5
371,2505,0,99
756,2505,0,1
756,2512,0,100
740,2513,0,4.17
756,2513,0,95.83
723,2514,0,12.76
740,2514,0,87.24
726,2515,0,100
726,2516,0,92.11
756,2516,0,7.89
726,2517,0,100
724,2518,0,99.69
6487,2518,0,0.31
723,2520,0,99.89
6455,2520,0,0.11
723,2523,0,1.96
724,2523,0,1.96
726,2523,0,2.61
6455,2523,0,2.61
6456,2523,0,90.52
6487,2523,0,0.33
494,2525,0,0.69
6455,2525,0,99.31
371,2532,0,0.87
372,2532,0,99.13
372,2533,0,100
438,2534,0,100
431,2534,2,0.98
438,2534,2,97.72
724,2534,2,1.3
438,2535,0,1.69
449,2535,0,96.61
450,2535,0,1.69
442,2536,0,1.64
449,2536,0,98.36
449,2537,0,100
442,2538,0,100
2546,2540,0,100
392,2542,0,100
387,2543,0,100
2543,2544,0,100
2556,2545,0,100
733,2552,0,0.46
744,2552,0,99.54
746,2553,0,100
390,2554,0,100
733,2555,0,100
747,2556,0,100
748,2556,2,100
306,2557,0,0.15
749,2557,0,99.85
731,2558,0,99.81
748,2558,0,0.19
743,2560,0,89.28
745,2560,0,10.72
732,2562,0,2.81
745,2562,0,97.19
732,2563,0,0.81
739,2563,0,99.19
732,2564,0,100
738,2565,0,100
750,2572,0,100
742,2572,2,100
736,2575,0,0.22
751,2575,0,99.78
751,2575,1,100
497,2575,2,0.65
736,2575,2,98.71
751,2575,2,0.65
497,2576,0,86.08
502,2576,0,13.92
499,2577,0,100
493,2577,2,100
442,2603,0,0.5
450,2603,0,99.5
450,2604,0,100
444,2605,0,100
431,2606,0,99.57
444,2606,0,0.43
433,2607,0,100
434,2608,0,100
431,2608,2,9.3
433,2608,2,48.84
434,2608,2,41.86
443,2610,0,100
443,2610,2,64.96
445,2610,2,35.04
443,2610,3,99.32
448,2610,3,0.68
432,2610,4,19.23
434,2610,4,59.62
448,2610,4,21.15
432,2612,0,100
432,2613,0,0.32
448,2613,0,99.68
445,2615,0,100
445,2615,2,100
441,2616,0,98.84
6487,2616,0,1.16
441,2616,2,100
703,2710,0,0.11
713,2710,0,99.89
706,2712,0,89.44
716,2712,0,10.56
706,2713,0,100
6748,2714,0,100
6748,2714,2,100
716,2715,1,100
716,2715,2,100
716,2716,0,100
716,2717,0,100
715,2717,2,100
6750,2718,0,99.15
6751,2718,0,0.85
6722,2718,2,3.85
6750,2718,2,96.15
437,2720,0,0.3
446,2720,0,99.31
706,2720,0,0.39
431,2720,2,45.65
444,2720,2,17.39
446,2720,2,21.74
713,2720,2,15.22
446,2722,0,100
433,2723,0,2.63
434,2723,0,5.26
437,2723,0,84.21
446,2723,0,7.89
450,2732,0,2.86
703,2732,0,97.14
706,2732,2,100
707,2732,3,100
696,2732,4,100
717,2733,0,100
717,2735,2,100
683,2735,3,89.77
690,2735,3,10.23
450,2735,4,0.18
717,2735,4,99.82
711,2736,0,100
690,2738,0,100
700,2740,0,99.53
701,2740,0,0.17
704,2740,0,0.29
701,2742,0,100
692,2743,0,100
681,2744,0,100
694,2745,0,100
691,2746,0,100
687,2747,0,85
691,2747,0,15
709,2747,2,96.55
2421,2747,2,3.45
701,2748,0,2.63
716,2748,0,97.37
716,2748,2,74.07
6729,2748,2,25.93
704,2762,0,100
6708,2800,0,0.11
6711,2800,0,99.82
6712,2800,0,0.07
6712,2802,0,100
6703,2803,0,99.09
6719,2803,0,0.91
6709,2805,0,5.45
6724,2805,0,94.55
6716,2806,0,98.33
6719,2806,0,1.67
6719,2807,0,100
6810,2807,1,100
6718,2812,0,100
6713,2813,0,94.2
6718,2813,0,2.9
6719,2813,0,2.9
2619,2814,0,0.35
2790,2814,0,99.3
6719,2814,0,0.35
6709,2822,0,100
6709,2823,0,100
6730,2824,0,100
6706,2825,0,100
6730,2826,0,100
6715,2827,0,100
708,2827,2,87.5
2612,2827,2,12.5
6730,2828,0,100
6730,2829,0,100
6708,2830,0,99.48
6709,2830,0,0.52
6728,2830,2,100
6720,2832,0,99.28
6730,2832,0,0.72
6721,2842,0,100
6704,2843,0,100
6710,2852,0,99.71
6711,2852,0,0.29
6710,2853,0,0.35
6729,2853,0,99.65
6729,2854,0,100
6729,2855,0,100
6702,2856,0,100
6702,2857,0,97.96
6712,2857,0,2.04
6729,2863,0,100
6729,2864,0,100
6722,2873,0,99.19
6758,2873,0,0.81
6758,2882,0,0.3
6808,2882,0,99.7
6702,2883,0,2.2
6758,2883,0,2.2
6808,2883,0,63.74
6810,2883,0,31.87
6808,2884,0,100
6808,2885,0,100
6758,2886,0,2.08
6808,2886,0,97.92
6759,2887,0,100
6808,2888,0,100
6808,2889,0,100
6800,2900,0,100
6790,2902,0,100
6790,2903,0,100
6790,2904,0,100
6785,2905,0,100
6809,2906,0,100
6809,2907,0,100
6792,2908,0,100
6809,2912,2,100
6809,2912,3,100
6809,2914,0,100
6778,2915,0,98.72
6807,2915,0,1.28
6789,2916,0,100
6783,2922,0,100
6807,2923,0,100
6807,2924,0,100
6807,2925,0,100
6774,2926,0,100
6781,2932,0,100
6787,2933,2,100
6793,2933,3,100
6773,2935,0,100
6771,2942,0,100
6806,2943,0,100
6775,2944,0,100
6810,2946,0,100
6810,2947,0,100
6784,2950,0,100
6784,2950,2,100
6782,2952,0,98.02
6784,2952,0,1.98
6810,2953,2,100
6810,2953,3,100
6810,2954,0,100
351,3004,0,100
351,3005,0,100
351,3006,0,100
351,3007,0,99.78
355,3007,0,0.22
351,3008,0,100
351,3010,0,100
351,3011,0,100
351,3012,0,100
351,3013,0,100
351,3014,0,100
351,3015,0,100
351,3018,0,100
351,3019,0,100
351,3020,0,85.71
663,3020,0,14.29
351,3027,0,100
351,3032,0,8.67
360,3032,0,91.33
360,3033,0,98.12
663,3033,0,1.88
360,3034,0,100
312,3035,0,81.25
360,3035,0,18.75
309,3036,0,92.93
360,3036,0,7.07
351,3037,0,1.01
354,3037,0,92.34
360,3037,0,6.65
354,3038,0,100
307,3042,0,96.94
354,3042,0,2.04
360,3042,0,1.02
360,3043,0,100
360,3044,2,100
307,3045,0,96.59
360,3045,0,3.41
307,3046,0,100
353,3047,0,100
351,3048,0,18.88
362,3048,0,81.12
360,3049,0,100
361,3052,0,94.55
546,3052,0,5.45
311,3053,0,0.36
544,3053,0,0.36
546,3053,0,99.29
535,3053,2,100
536,3053,3,100
553,3053,4,100
310,3053,5,100
311,3054,0,100
351,3063,0,0.22
362,3063,0,99.56
363,3063,0,0.22
352,3065,0,99.29
363,3065,0,0.71
352,3066,0,8.18
358,3066,0,90.19
359,3066,0,0.13
363,3066,0,1.51
358,3067,0,0.19
359,3067,0,99.81
359,3068,0,99.66
626,3068,0,0.17
627,3068,0,0.17
351,3072,0,0.5
363,3072,0,99.5
351,3073,0,0.22
356,3073,0,99.71
363,3073,0,0.07
356,3074,0,100
627,3075,0,100
627,3075,2,100
356,3076,0,0.19
358,3076,0,0.06
359,3076,0,2.2
627,3076,0,97.54
627,3077,0,100
627,3078,0,100
608,3082,0,76.29
627,3082,0,23.71
616,3083,0,100
351,3084,0,3.62
355,3084,0,96.38
357,3086,0,0.4
861,3086,0,3.82
877,3086,0,0.8
888,3086,0,94.98
888,3086,2,100
877,3087,0,71.63
880,3087,0,1.4
888,3087,0,26.98
880,3088,0,100
880,3088,2,100
880,3089,0,100
355,3095,0,100
357,3096,0,99.25
888,3096,0,0.75
351,3097,0,0.4
355,3097,0,99.6
355,3098,0,100
355,3098,1,100
853,3099,0,1.43
879,3099,0,97.14
880,3099,0,1.43
616,3110,0,100
616,3111,0,100
623,3112,0,5.41
630,3112,0,94.59
623,3113,0,99.12
627,3113,0,0.88
611,3114,0,0.53
632,3114,0,99.47
861,3115,0,0.53
866,3115,0,97.88
872,3115,0,1.59
872,3116,0,100
872,3116,2,100
872,3116,3,100
355,3122,0,0.13
861,3122,0,1.01
870,3122,0,98.87
861,3123,0,99.76
870,3123,0,0.14
884,3123,0,0.1
861,3124,0,100
861,3125,0,5.36
872,3125,0,0.6
884,3125,0,94.05
869,3126,0,99.68
884,3126,0,0.32
872,3126,2,100
876,3127,0,100
874,3127,2,100
873,3128,0,96.39
876,3128,0,3.61
881,3128,2,100
879,3132,0,94.14
880,3132,0,0.45
881,3132,0,5.41
355,3144,0,100
355,3145,0,99.74
357,3145,0,0.26
355,3147,0,98.42
357,3147,0,1.58
855,3148,0,100
852,3150,0,0.17
855,3150,0,99.83
853,3152,0,0.37
855,3152,0,99.63
853,3153,0,100
853,3154,0,91.82
855,3154,0,2.23
880,3154,0,5.95
879,3155,0,0.64
880,3155,0,99.36
852,3156,0,68.85
853,3156,0,31.15
852,3157,0,21.54
853,3157,0,2.31
855,3157,0,76.15
852,3158,0,100
852,3159,0,100
355,3172,0,100
355,3173,0,100
355,3174,0,60.64
670,3174,0,39.36
2309,3175,0,100
670,3176,0,97.51
2309,3176,0,2.49
662,3177,0,1.53
667,3177,0,97.21
670,3177,0,1.26
2295,3178,0,100
666,3179,0,99.32
2262,3179,0,0.68
2302,3182,0,0.57
2305,3182,0,0.14
2308,3182,0,99.28
855,3183,0,100
2295,3184,0,0.13
2309,3184,0,99.87
2295,3185,0,0.6
2302,3185,0,0.4
2305,3185,0,97.42
2309,3185,0,1.59
2293,3186,0,100
663,3202,0,91.14
668,3202,0,8.86
668,3203,0,100
668,3204,0,73.89
670,3204,0,26.11
662,3205,0,33.11
668,3205,0,65.99
2262,3205,0,0.9
662,3206,0,100
662,3206,1,100
2262,3206,2,100
662,3206,3,100
662,3206,4,100
662,3207,0,15.13
671,3207,0,84.21
2265,3207,0,0.66
664,3207,2,99.05
2265,3207,2,0.95
665,3208,0,100
665,3210,0,0.29
2265,3210,0,99.71
2262,3212,0,100
2262,3212,2,100
2262,3213,0,100
2266,3213,2,100
2278,3214,0,100
2260,3215,0,100
2275,3215,2,100
2275,3215,3,100
2276,3216,0,100
2276,3216,2,100
498,3225,0,100
304,3226,0,2.65
500,3226,0,97.35
492,3232,0,0.22
496,3232,0,99.78
492,3233,0,2.8
501,3233,0,97.2
502,3234,0,100
492,3235,0,93.17
494,3235,0,1.98
756,3235,0,4.85
495,3236,0,93.11
496,3236,0,6.89
491,3237,0,100
494,3238,0,100
301,3250,0,0.04
305,3250,0,0.52
306,3250,0,99.43
310,3251,0,1.75
394,3251,0,98.25
310,3251,2,100
305,3252,0,1.72
755,3252,0,98.28
2461,3253,0,100
310,3254,0,6.34
2457,3254,0,93.66
2457,3254,2,100
310,3255,0,100
310,3256,0,100
310,3256,2,100
310,3256,3,100
303,3257,0,100
303,3257,1,100
303,3262,0,100
382,3263,0,100
385,3264,0,100
312,3266,0,100
301,3267,0,0.21
312,3267,0,99.79
312,3268,0,100
301,3270,0,99.89
312,3270,0,0.11
309,3271,0,100
754,3272,0,100
735,3272,2,100
301,3273,0,1.01
305,3273,0,98.99
737,3274,0,100
734,3274,2,100
741,3274,3,100
2250,3280,0,2.39
2271,3280,0,0.14
2275,3280,0,97.46
2271,3280,2,100
2261,3280,4,100
302,3282,0,100
302,3283,0,0.6
304,3283,0,99.4
304,3283,2,100
2258,3284,0,100
2259,3285,0,99.52
2275,3285,0,0.48
2274,3286,0,100
306,3292,0,100
386,3293,0,100
383,3294,0,99.89
386,3294,0,0.11
389,3294,2,100
393,3295,0,100
381,3296,0,100
388,3297,0,100
391,3298,0,100
544,3302,0,100
540,3303,0,100
540,3303,2,100
557,3303,3,100
540,3303,4,100
541,3305,0,100
540,3305,2,100
538,3306,0,100
2457,3307,0,100
538,3308,0,100
411,3309,0,100
538,3309,2,100
538,3312,0,100
538,3313,0,100
533,3314,0,9.25
538,3314,0,90.75
533,3315,0,100
533,3315,1,100
538,3317,0,100
538,3317,1,100
543,3322,0,0.1
544,3322,0,2.32
551,3322,0,97.58
543,3322,1,100
403,3323,0,100
409,3324,0,100
416,3324,2,100
409,3325,0,1.5
414,3325,0,94.36
416,3325,0,4.14
352,3326,0,1.03
414,3326,0,98.97
979,3360,0,100
982,3362,0,100
979,3363,0,100
988,3365,0,100
988,3365,2,100
973,3366,0,100
973,3366,2,100
989,3367,0,100
985,3367,2,100
324,3368,0,99.16
331,3368,0,0.84
977,3372,0,100
977,3373,0,100
977,3373,2,100
993,3374,0,100
980,3375,0,100
976,3376,0,100
972,3376,2,100
991,3377,0,100
992,3380,0,96.24
995,3380,0,3.76
990,3380,2,100
404,3400,0,96.02
412,3400,0,3.98
407,3412,0,100
404,3413,0,2.06
407,3413,0,93.81
951,3413,0,4.12
404,3414,0,23.26
418,3414,0,74.42
955,3414,0,2.32
406,3415,1,100
406,3415,2,100
407,3415,3,1.23
955,3415,3,12.78
956,3415,3,85.99
407,3416,0,2.91
951,3416,0,92.72
956,3416,0,0.97
957,3416,0,3.4
956,3417,0,100
407,3418,0,14.91
951,3418,0,0.44
955,3418,0,1.32
956,3418,0,83.33
406,3419,0,89.5
955,3419,0,10.5
415,3421,0,94.77
416,3421,0,1.09
418,3421,0,4.14
422,3421,2,100
405,3422,0,0.08
412,3422,0,99.92
420,3422,1,100
420,3422,2,100
405,3423,0,100
405,3424,0,100
405,3424,2,100
405,3425,0,0.15
413,3425,0,99.85
423,3425,2,100
401,3426,0,100
552,3427,0,99.66
554,3427,0,0.34
554,3428,0,100
410,3429,2,100
408,3429,3,100
406,3432,0,26.46
905,3432,0,0.36
955,3432,0,73.18
406,3433,0,2.92
905,3433,0,84.8
955,3433,0,12.28
613,3434,0,90.53
955,3434,0,9.47
613,3434,1,99.21
903,3434,1,0.79
955,3435,0,100
903,3436,0,60.8
905,3436,0,39.2
905,3437,0,100
903,3438,0,89.55
905,3438,0,10.45
905,3439,0,52.33
955,3439,0,47.67
955,3452,0,100
905,3453,0,1.47
955,3453,0,1.17
958,3453,0,97.36
955,3454,0,2.35
956,3454,0,2.22
957,3454,0,95.43
957,3455,0,100
955,3456,0,33.33
958,3456,0,66.67
957,3457,0,99.86
960,3457,0,0.14
951,3462,0,69.18
957,3462,0,30.82
951,3463,0,65.77
952,3463,0,31.53
959,3463,0,2.7
424,3464,0,31.43
951,3464,0,0.95
952,3464,0,23.81
959,3464,0,43.81
952,3465,0,100
404,3472,0,1.17
407,3472,0,1.76
424,3472,0,97.07
405,3472,2,5.88
421,3472,2,94.12
402,3473,0,100
424,3474,0,97.22
988,3474,0,2.78
988,3475,0,100
988,3475,1,100
985,3476,0,67.08
988,3476,0,31.06
989,3476,0,1.86
612,3503,0,100
617,3504,0,100
629,3504,2,100
608,3506,0,96.47
615,3506,0,0.12
620,3506,0,3.3
628,3506,0,0.12
602,3507,0,8.73
603,3507,0,91.27
602,3508,0,95.44
613,3508,0,0.35
620,3508,0,4.21
612,3510,0,100
607,3510,8,100
609,3510,9,92.11
632,3510,9,7.89
626,3512,0,100
359,3513,0,1.89
406,3513,0,0.47
626,3513,0,97.64
605,3531,0,1.78
620,3531,0,97.78
628,3531,0,0.44
628,3532,0,99.56
629,3532,0,0.44
615,3532,2,99.48
629,3532,2,0.52
605,3533,0,97.01
628,3533,0,0.54
629,3533,0,0.54
904,3533,0,1.9
605,3534,0,7.95
907,3534,0,92.05
902,3535,0,1.04
907,3535,0,98.96
901,3536,0,100
901,3537,0,98.66
904,3537,0,0.84
908,3537,0,0.17
909,3537,0,0.34
605,3538,0,2.27
614,3538,0,0.97
904,3538,0,96.75
902,3543,0,6.59
903,3543,0,85.71
907,3543,0,7.69
901,3550,0,0.25
902,3550,0,97.9
903,3550,0,1.85
902,3551,0,93.04
903,3551,0,1.74
958,3551,0,5.22
902,3552,0,99.72
908,3552,0,0.28
902,3553,0,100
902,3555,0,1.05
908,3555,0,16.81
909,3555,0,80.88
1010,3555,0,1.26
908,3556,0,99
909,3556,0,1
908,3557,0,100
929,3600,0,0.06
942,3600,0,99.94
942,3603,0,100
942,3604,0,100
942,3608,0,100
925,3612,0,0.04
937,3612,0,0.04
939,3612,0,99.81
942,3612,0,0.11
928,3613,0,16.17
939,3613,0,83.83
923,3614,0,6.56
945,3614,0,93.44
614,3615,0,0.65
904,3615,0,0.86
923,3615,0,98.49
924,3616,0,0.46
935,3616,0,56.42
945,3616,0,43.12
925,3617,0,92.56
939,3617,0,7.44
901,3618,0,0.52
904,3618,0,46.88
923,3618,0,1.04
935,3618,0,13.02
946,3618,0,38.54
924,3619,0,82.41
932,3619,0,17.09
938,3619,0,0.5
924,3619,1,90.77
932,3619,1,9.23
931,3622,0,100
938,3623,0,23.86
940,3623,0,76.14
932,3623,2,100
932,3623,3,100
942,3624,0,100
931,3624,2,1.47
937,3624,2,98.53
927,3625,0,99.63
929,3625,0,0.37
929,3626,0,71.86
942,3626,0,28.14
928,3627,0,98.66
939,3627,0,1.34
885,3628,0,100
611,3629,0,99.17
872,3629,0,0.83
622,3629,2,100
868,3629,3,100
770,3631,0,100
770,3632,2,100
770,3632,3,100
921,3633,0,97.55
941,3633,0,2.45
941,3634,0,100
941,3635,0,1.46
943,3635,0,98.54
941,3636,0,0.85
948,3636,0,99.15
948,3636,2,100
922,3638,0,100
936,3638,1,100
768,3645,0,22.5
942,3645,0,77.5
947,3645,2,100
768,3646,0,100
767,3647,0,100
929,3652,0,99.83
934,3652,0,0.17
934,3653,0,100
934,3654,0,8.99
938,3654,0,91.01
938,3655,0,100
938,3656,0,100
938,3656,1,100
938,3656,2,100
938,3657,0,100
938,3658,0,100
944,3661,0,100
883,3662,0,100
867,3663,0,99.59
948,3663,0,0.41
863,3664,0,98.81
867,3664,0,0.24
879,3664,0,0.24
886,3664,0,0.71
863,3665,0,0.24
886,3665,0,99.53
948,3665,0,0.24
606,3671,0,98.68
928,3671,0,1.32
610,3671,2,100
614,3672,0,0.13
619,3672,0,99.87
619,3672,2,100
605,3673,0,0.97
614,3673,0,96.84
629,3673,0,2.18
619,3674,0,96.9
923,3674,0,3.1
768,3700,0,100
562,3702,0,0.84
768,3702,0,99.16
562,3703,0,100
562,3703,41,100
562,3704,0,0.21
566,3704,0,97.85
768,3704,0,1.93
768,3705,0,100
575,3706,0,0.21
585,3706,0,99.79
575,3707,0,100
562,3711,0,96.15
769,3711,0,3.85
562,3711,2,48.57
567,3711,2,51.43
563,3713,0,0.21
567,3713,0,99.79
563,3714,0,100
567,3714,3,100
561,3715,0,99.95
563,3715,0,0.05
563,3716,0,1.7
564,3716,0,98.3
564,3717,0,100
565,3718,0,100
567,3722,0,100
567,3723,0,100
563,3724,0,100
561,3725,0,0.46
563,3725,0,99.54
769,3752,0,100
762,3753,0,100
762,3754,0,99.32
763,3754,0,0.68
762,3755,0,100
762,3756,0,100
762,3757,0,100
763,3758,0,100
763,3762,0,100
761,3763,0,100
761,3764,0,88.17
766,3764,0,11.83
766,3765,0,100
766,3766,0,0.16
791,3766,0,99.84
791,3770,0,0.46
794,3770,0,99.54
794,3771,0,100
793,3772,0,100
792,3773,0,0.12
793,3773,0,99.88
792,3775,0,100
794,3776,0,100
794,3777,0,2.89
843,3777,0,97.11
843,3778,0,100
843,3780,0,100
843,3781,0,100
842,3782,0,100
843,3783,0,100
841,3784,0,100
841,3785,0,100
843,3792,0,100
577,3800,0,0.09
581,3800,0,99.91
593,3800,2,100
587,3800,3,98.75
594,3800,3,1.25
571,3800,5,100
6058,3801,33,100
571,3803,0,100
579,3804,0,100
590,3805,0,100
572,3806,0,100
582,3807,0,100
594,3812,0,100
577,3813,0,0.63
591,3813,0,99.37
577,3814,0,100
578,3815,0,95.92
594,3815,0,4.08
578,3815,2,100
586,3816,0,100
576,3816,1,100
576,3818,0,100
584,3822,0,100
584,3822,2,100
584,3823,0,100
576,3823,1,58.33
584,3823,1,41.67
584,3823,2,100
584,3824,0,100
584,3825,0,100
584,3826,0,100
590,3852,0,100
588,3853,0,100
589,3854,0,100
573,3855,0,99.27
589,3855,0,0.73
573,3855,1,100
592,3855,41,100
573,3856,0,1.82
574,3856,0,97.58
785,3856,0,0.61
785,3857,0,100
580,3858,0,100
785,3860,0,100
786,3860,2,100
785,3860,3,0.71
786,3860,3,99.29
785,3860,4,100
784,3862,0,100
784,3863,0,100
782,3864,0,100
6002,3900,0,98.09
6008,3900,0,1.32
6010,3900,0,0.59
6002,3900,2,100
6002,3900,3,100
6008,3901,23,100
6002,3902,0,100
6007,3903,0,100
6007,3903,1,100
6007,3904,0,100
6288,3905,0,100
6290,3906,0,100
6009,3907,0,100
6009,3907,2,100
6009,3907,3,100
6011,3907,4,100
6289,3908,0,100
6290,3910,0,0.28
6291,3910,0,99.72
6008,3911,0,100
6010,3912,0,100
6010,3913,0,100
6007,3914,0,100
6007,3914,1,100
6195,3916,0,100
6197,3917,0,100
6195,3917,2,100
6202,3918,0,100
6192,3919,0,100
6300,3920,0,100
6293,3922,0,99.25
6298,3922,0,0.75
6283,3922,1,100
6282,3922,2,100
6296,3923,0,100
6292,3924,0,100
6285,3925,0,100
6283,3926,0,100
6292,3927,0,100
6287,3928,0,100
6295,3929,0,100
6297,3930,0,99.9
6298,3930,0,0.1
6297,3930,2,100
6286,3931,1,100
6298,3932,0,100
6294,3933,0,100
6299,3934,0,100
6193,3935,0,100
6281,3937,0,100
6191,3938,0,100
6004,3939,0,100
6204,3940,0,100
6198,3942,0,0.21
6199,3942,0,99.79
6198,3942,2,100
6199,3942,3,100
6194,3943,0,100
6201,3944,0,100
6118,3945,0,98.75
6119,3945,0,1.25
6110,3945,1,26.13
6118,3945,1,73.87
6119,3946,0,100
6104,3946,2,33.33
6119,3946,2,66.67
6104,3947,0,100
6119,3948,0,100
6112,3948,1,100
6204,3949,0,100
6101,3951,0,100
6110,3952,0,100
6110,3953,0,100
6109,3953,1,100
6116,3953,2,100
6111,3954,0,100
6102,3955,0,100
6102,3956,0,0.21
6117,3956,0,99.79
6110,3957,0,100
6118,3957,2,100
6248,3960,0,100
6253,3960,2,100
6253,3960,3,100
6252,3960,4,100
6248,3960,5,100
6252,3961,21,100
6252,3961,22,100
6252,3961,23,100
6252,3961,24,100
6252,3961,25,100
6252,3961,26,100
6252,3961,27,100
6252,3961,41,100
6239,3963,0,6.14
6240,3963,0,29.94
6253,3963,0,63.92
6253,3963,3,100
6253,3963,4,100
6235,3965,0,98.92
6248,3965,0,1.08
6232,3966,0,99.62
6248,3966,0,0.38
6232,3966,1,95.79
6248,3966,1,4.21
6232,3967,0,100
6250,3968,0,100
6110,3970,0,0.74
6113,3970,0,99.26
6253,3971,0,100
6253,3971,1,100
6240,3971,2,4.38
6248,3971,2,0.73
6253,3971,2,94.89
6241,3972,0,82.26
6253,3972,0,17.74
6249,3973,0,95.82
6253,3973,0,4.18
6253,3974,0,100
6253,3975,0,100
6248,3976,0,99.08
6253,3976,0,0.92
6253,3976,2,100
6248,3977,0,100
6240,3978,0,100
6238,3979,0,100
6010,3982,0,1.22
6173,3982,0,98.48
6181,3982,0,0.3
6203,3983,0,99.59
6205,3983,0,0.41
6172,3983,2,100
6203,3983,3,100
6181,3983,4,100
6181,3983,5,100
6057,3984,0,100
6058,3984,2,100
6077,3985,0,100
6077,3985,2,100
6181,3986,0,100
6181,3987,0,100
6076,3988,0,100
6076,3988,2,100
6077,3989,0,100
6077,3989,2,100
6077,3989,3,100
6077,3989,4,100
6077,3989,5,100
6205,3991,0,100
6205,3992,0,100
6177,3993,0,100
6061,3994,0,100
6205,3994,2,100
6056,3995,0,100
6056,3995,2,100
6056,3995,3,100
6056,3995,4,100
6054,3996,0,100
6052,3997,0,100
6077,3998,0,100
6077,3998,1,100
6076,3999,0,100
2701,4001,0,100
2701,4051,0,100
2701,4052,0,97.52
2769,4052,0,2.48
2701,4053,0,99.48
2765,4053,0,0.52
2701,4054,0,100
2701,4055,0,100
2701,4056,0,100
2701,4057,0,100
2701,4058,0,99.97
2703,4058,0,0.03
2701,4059,0,100
2765,4101,0,69.7
2767,4101,0,30.3
2765,4102,0,99.95
2767,4102,0,0.05
2767,4103,0,100
2771,4104,0,100
2764,4105,0,100
2775,4106,0,100
2768,4107,0,100
2481,4108,0,100
2471,4112,1,99.74
2481,4112,1,0.26
2476,4112,2,100
2476,4114,0,100
2476,4115,0,1.16
2477,4115,0,98.84
2477,4116,0,100
2783,4117,0,100
2479,4118,0,100
2762,4123,0,100
2774,4124,0,100
2703,4125,0,100
2702,4126,0,100
2766,4127,0,82.62
2770,4127,0,17.38
2770,4132,0,100
2770,4133,0,5.02
2822,4133,0,0.17
2824,4133,0,0.19
2831,4133,0,94.61
2769,4142,0,99.89
2770,4142,0,0.11
2473,4143,0,100
2763,4144,0,99.97
2773,4144,0,0.03
2474,4145,0,100
2475,4146,0,100
2761,4147,0,99.3
2772,4147,0,0.7
2772,4148,0,100
2761,4153,0,0.08
2769,4153,0,0.03
2773,4153,0,99.43
2775,4153,0,0.46
2761,4202,0,0.11
2785,4202,0,99.89
2786,4203,0,100
2480,4204,0,1.05
2618,4204,0,98.43
2621,4204,0,0.52
2480,4206,0,100
2883,4207,0,100
2621,4208,0,100
2793,4222,0,100
2781,4223,0,100
2789,4224,0,100
2782,4225,0,100
2613,4226,0,100
2614,4227,0,100
2615,4228,0,100
2428,4229,0,2.36
2612,4229,0,89.76
2889,4229,0,7.87
2616,4232,0,100
2615,4233,0,0.43
2620,4233,0,99.57
2622,4234,0,100
2782,4242,0,1.09
2787,4242,0,98.82
2793,4242,0,0.09
2784,4243,0,100
2791,4244,0,100
2619,4245,0,99.4
2790,4245,0,0.6
2787,4246,0,1.04
2792,4246,0,98.96
2617,4247,0,100
2611,4252,0,95.03
2787,4252,0,4.97
2611,4253,0,1.4
2788,4253,0,98.6
2788,4254,0,100
2822,4302,0,99.6
2831,4302,0,0.4
2822,4303,0,0.12
2826,4303,0,0.25
4252,4303,0,99.63
2826,4304,0,100
2821,4305,0,12.57
4253,4305,0,1.14
4257,4305,0,86.29
4258,4310,0,100
4253,4312,0,100
4254,4313,0,98.74
4258,4313,0,1.26
4263,4314,0,100
4263,4315,0,0.3
4264,4315,0,99.7
4251,4316,0,100
4262,4317,0,100
4255,4322,0,100
4261,4323,0,99.7
4263,4323,0,0.3
4256,4324,0,100
4259,4325,0,100
4260,4332,0,100
4172,4333,0,100
4161,4334,0,0.2
4177,4334,0,99.8
2824,4402,0,99.9
2831,4402,0,0.1
2823,4410,0,0.2
2829,4410,0,99.8
2833,4411,0,100
2478,4412,0,98
2833,4412,0,2
2472,4413,0,100
2825,4414,0,100
2828,4415,0,99.95
2829,4415,0,0.05
2823,4416,0,100
2834,4417,0,100
2428,4418,0,0.11
2889,4418,0,0.22
2893,4418,0,98.69
2895,4418,0,0.98
2830,4419,0,100
2478,4421,0,100
2821,4422,0,99.67
2829,4422,0,0.33
2827,4423,0,100
2881,4424,0,97.59
2891,4424,0,2.41
2881,4425,0,0.29
2894,4425,0,99.71
2889,4426,0,100
2882,4431,0,99.54
2891,4431,0,0.46
2887,4432,0,100
2832,4433,0,100
2882,4434,0,0.09
2886,4434,0,99.91
2891,4435,0,96.65
2892,4435,0,3.35
2891,4436,0,0.33
2892,4436,0,99.67
2890,4436,2,87.4
2892,4436,2,12.6
2892,4437,0,1.65
2895,4437,0,98.35
2425,4438,0,0.14
2579,4438,0,0.69
2888,4438,0,96.39
2895,4438,0,2.78
2864,4441,0,100
2845,4442,0,99.69
2867,4442,0,0.31
2863,4443,0,2.1
2867,4443,0,97.9
2843,4444,0,0.71
2846,4444,0,7.83
2859,4444,0,83.27
2867,4444,0,8.19
2843,4445,0,0.51
2847,4445,0,99.49
2843,4446,0,97.88
2852,4446,0,2.12
2843,4447,0,2.2
2850,4447,0,95.28
2884,4447,0,2.52
2847,4448,0,2.12
2852,4448,0,93.18
2884,4448,0,4.69
2842,4450,0,0.04
2849,4450,0,0.44
2861,4450,0,99.37
2864,4450,0,0.16
2853,4451,0,0.21
2866,4451,0,99.79
2828,4452,0,0.11
2849,4452,0,99.89
2854,4453,0,100
2869,4455,0,100
2863,4456,0,98.14
2884,4456,0,1.86
2882,4457,0,0.31
2884,4457,0,99.59
2886,4457,0,0.1
2852,4458,0,0.74
2885,4458,0,99.26
2846,4460,0,99.92
2856,4460,0,0.08
2842,4461,0,100
2844,4462,0,2.82
2857,4462,0,97.18
2844,4463,0,100
2853,4464,0,100
2848,4465,0,99.14
2856,4465,0,0.43
4251,4465,0,0.43
2848,4466,0,0.19
2856,4466,0,99.81
2858,4467,0,100
2492,4468,0,100
2841,4469,0,100
2862,4492,0,99.73
2865,4492,0,0.27
2851,4493,0,0.22
2855,4493,0,0.86
2865,4493,0,98.92
2855,4494,0,100
2865,4495,0,0.27
2868,4495,0,99.73
2851,4496,0,100
2860,4497,0,100
2513,4500,0,2.81
2542,4500,0,0.34
2550,4500,0,0.03
2555,4500,0,2.07
2601,4500,0,94.76
2542,4512,0,99.72
2551,4512,0,0.28
2550,4513,0,100
2551,4514,0,100
2553,4515,0,100
2553,4515,1,100
2553,4522,0,0.96
2555,4522,0,99.04
2554,4523,0,100
2547,4524,0,100
2541,4524,2,100
2541,4524,3,100
2541,4525,0,100
2513,4528,0,1.91
2534,4528,0,98.09
2544,4532,0,95.13
2555,4532,0,4.87
2554,4533,0,100
2545,4534,0,100
2548,4535,0,100
2549,4535,2,100
971,4536,0,99.38
992,4536,0,0.62
995,4537,0,100
983,4538,0,100
987,4539,0,100
975,4539,2,100
2516,4542,0,0.91
2527,4542,0,99.09
2516,4543,0,99.33
2545,4543,0,0.67
2517,4552,0,98.75
2527,4552,0,1.25
2532,4553,0,100
2518,4554,0,100
2524,4554,2,100
982,4556,0,0.33
2511,4556,0,99.67
2514,4556,2,100
2511,4556,3,100
2511,4556,4,100
2523,4557,0,100
2535,4558,0,100
2535,4558,2,100
2535,4558,3,100
2513,4562,0,100
2519,4563,0,99.46
2525,4563,0,0.09
2528,4563,0,0.45
2528,4564,0,100
556,4564,1,100
2530,4565,0,100
2525,4566,0,100
2520,4566,2,100
2529,4566,3,100
2455,4571,1,100
2455,4571,2,100
533,4573,0,1.06
2526,4573,0,98.94
2464,4574,0,99.44
2556,4574,0,0.56
2464,4574,1,98.99
2513,4574,1,1.01
2465,4576,0,100
2465,4577,0,100
2465,4578,0,100
2465,4579,0,100
2465,4581,0,100
2465,4582,0,100
2465,4583,0,100
2465,4583,2,100
2456,4584,2,100
2456,4584,3,100
2445,4585,0,100
2465,4586,0,100
2465,4587,0,100
2463,4588,0,100
2465,4588,1,100
2457,4588,2,100
2500,4600,0,0.03
2581,4600,0,99.88
2584,4600,0,0.09
2586,4612,0,100
2582,4613,0,100
2578,4614,0,0.29
2579,4614,0,99.71
2579,4615,0,100
2578,4616,0,0.25
2580,4616,0,99.75
2578,4617,0,100
2571,4618,0,98.24
2580,4618,0,1.76
2401,4622,0,100
2404,4623,0,100
2402,4624,0,100
2406,4625,0,100
2405,4626,0,100
2408,4628,0,100
2575,4629,0,100
2491,4632,0,0.07
2500,4632,0,99.79
2586,4632,0,0.14
2491,4633,0,100
2493,4634,0,1.69
2500,4634,0,1.69
2502,4634,0,91.57
2852,4634,0,5.06
2501,4652,0,100
2497,4653,0,100
2493,4654,0,99.92
2501,4654,0,0.08
2499,4655,0,100
2498,4655,2,95.24
2499,4655,2,4.76
2584,4656,0,99.78
4280,4656,0,0.22
2573,4657,0,99.64
2584,4657,0,0.36
2572,4658,0,97.67
2576,4658,0,2.33
4271,4663,0,100
4271,4665,0,0.04
4280,4665,0,99.96
2407,4702,0,100
2403,4703,0,100
981,4704,0,100
996,4704,2,100
2407,4710,0,0.3
2422,4710,0,99.7
2426,4712,0,100
2427,4713,0,100
2421,4714,0,100
2424,4715,0,100
2429,4716,0,100
691,4716,1,5.13
2423,4716,1,94.87
2421,4717,0,0.58
2422,4717,0,0.12
2426,4717,0,0.7
2427,4717,0,0.23
2428,4717,0,98.37
2406,4718,0,0.38
2425,4718,0,99.62
2421,4719,0,2.17
2428,4719,0,96.38
2889,4719,0,1.45
4280,4800,0,0.04
4289,4800,0,99.96
4282,4802,0,2.03
4285,4802,0,97.97
4274,4803,0,1.16
4287,4803,0,98.84
4274,4805,0,100
1147,4806,0,100
4286,4812,0,2.31
4289,4812,0,97.69
4273,4813,0,0.23
4276,4813,0,0.92
4286,4813,0,98.85
4273,4814,0,96.04
4289,4814,0,3.96
4282,4852,0,99.77
4287,4852,0,0.23
345,4853,0,4.43
4279,4853,0,95.57
4279,4853,2,100
4279,4856,0,100
329,4900,0,100
341,4911,0,100
321,4912,0,99.84
323,4912,0,0.16
323,4913,0,100
337,4914,0,99.77
4279,4914,0,0.23
1139,4915,0,98.63
4279,4915,0,1.37
329,4916,0,100
333,4917,0,100
325,4917,2,100
332,4919,0,1.52
336,4919,0,98.48
321,4922,0,1.89
342,4922,0,98.11
342,4922,2,100
345,4923,0,100
329,4924,0,0.65
334,4924,0,99.35
331,4932,0,100
332,4932,2,100
340,4933,0,100
332,4934,0,100
332,4935,0,100
332,4936,0,92.35
344,4936,0,7.65
344,4937,0,100
322,4938,0,3.8
338,4938,0,96.2
339,4938,2,96.95
954,4938,2,3.05
344,4942,0,1.57
952,4942,0,1.57
959,4942,0,96.85
335,4943,0,88.46
344,4943,0,9.62
959,4943,0,0.96
988,4943,0,0.96
322,4944,0,100
954,4950,0,100
953,4952,0,97.41
954,4952,0,1.29
957,4952,0,0.65
1135,4952,0,0.43
1145,4952,0,0.22
954,4953,0,86.05
960,4953,0,13.95
957,4954,0,0.51
960,4954,0,99.49
326,4955,0,99.61
1145,4955,0,0.39
4001,5000,0,99.91
4012,5000,0,0.09
4001,5004,0,100
2583,5012,0,100
2574,5012,3,100
2574,5012,4,100
2495,5013,0,100
2576,5014,0,100
2503,5015,0,100
2503,5017,0,12.5
4005,5017,0,87.5
4005,5018,0,100
4008,5022,0,100
4002,5023,0,100
4008,5024,0,100
4004,5025,0,100
4004,5026,0,100
4166,5027,0,100
4179,5028,0,100
4001,5032,0,100
4003,5033,0,100
4012,5034,0,100
4013,5035,0,100
4010,5036,0,100
4009,5037,0,100
4144,5040,0,100
4007,5042,0,100
4136,5043,0,100
4142,5044,0,100
4135,5046,1,6.41
4143,5046,1,93.59
4143,5046,2,100
4284,5053,0,100
4284,5053,2,100
4275,5054,1,100
4277,5054,2,100
4272,5056,0,100
4281,5057,0,100
4288,5058,0,100
4173,5062,0,100
4165,5063,0,0.63
4182,5063,0,99.37
4181,5064,0,100
4163,5070,0,100
4175,5072,0,100
4165,5073,0,100
4161,5074,0,100
4167,5075,0,100
4094,5076,0,100
4097,5077,0,100
4096,5078,0,100
4096,5079,0,0.79
4183,5079,0,99.21
4169,5080,0,0.74
4170,5080,0,99.26
4169,5082,0,100
4169,5083,0,100
4170,5084,0,100
4170,5085,0,100
4206,5102,0,100
4203,5103,0,92.41
4204,5103,0,3.3
4206,5103,0,4.29
4203,5103,2,100
4091,5105,0,100
4120,5106,0,100
4125,5107,0,100
4125,5108,0,100
4117,5112,0,100
4199,5113,0,100
4114,5116,0,100
4095,5200,0,99.93
4112,5200,0,0.07
4095,5210,0,0.14
4100,5210,0,0.07
4123,5210,0,99.79
4100,5212,0,100
4122,5213,0,100
4095,5222,0,99.78
4122,5222,0,0.22
4111,5223,0,100
4124,5225,1,100
4121,5233,0,100
4121,5234,0,100
4112,5235,0,100
4110,5236,0,99.71
4124,5236,0,0.29
4106,5237,0,97.53
4124,5237,0,2.47
4092,5242,1,100
4104,5242,2,100
4107,5243,0,100
4093,5244,0,100
4099,5245,0,100
4104,5246,0,100
4164,5272,0,100
4184,5273,0,100
4184,5274,0,100
4184,5275,0,100
4184,5276,0,100
4184,5277,0,100
4042,5300,0,75.98
4044,5300,0,24.02
4044,5301,0,100
4047,5303,0,100
4305,5304,0,100
4305,5305,0,100
4320,5306,0,100
4304,5312,0,100
4309,5313,0,100
4303,5314,0,100
4303,5315,0,100
4313,5316,0,100
4313,5317,0,100
4105,5318,0,100
4309,5322,0,0.45
4310,5322,0,99.55
4316,5323,0,100
4307,5324,0,100
4311,5325,0,100
4176,5326,0,99.58
4184,5326,0,0.42
4323,5330,0,100
4315,5332,0,100
4301,5333,0,100
4302,5334,0,100
4021,5400,0,100
4021,5404,0,100
4021,5405,2,99.87
4027,5405,2,0.13
4021,5406,2,96.5
4024,5406,2,3.5
4026,5408,0,100
4029,5412,0,100
4029,5412,1,100
4024,5413,0,100
4038,5415,0,100
4038,5415,1,100
4038,5415,2,100
4038,5416,0,99
4044,5416,0,1
4044,5417,0,100
4049,5420,0,100
4028,5423,0,100
4318,5425,0,100
4312,5426,0,100
4045,5430,0,100
4034,5432,0,100
4048,5436,0,100
4027,5442,0,100
4035,5443,0,100
4031,5444,0,100
4066,5445,0,100
4037,5452,0,100
4039,5453,0,100
4022,5454,0,100
93,5462,0,4.26
4319,5462,0,95.74
4322,5463,0,100
4317,5464,0,100
4314,5465,0,100
4308,5466,0,100
4306,5467,0,100
4200,5502,0,100
4207,5503,0,100
4205,5504,0,100
4193,5505,0,100
4032,5506,0,99.31
4046,5506,0,0.69
4033,5507,0,100
4046,5512,0,100
4068,5522,0,0.46
4077,5522,0,99.54
4072,5524,0,100
4072,5524,2,100
4067,5525,0,100
4201,5600,0,100
4191,5600,3,100
4210,5603,0,100
4198,5604,0,98.91
4205,5604,0,1.09
4065,5605,0,82.54
4080,5605,0,17.46
4194,5606,0,100
4068,5607,0,100
4041,5608,0,100
4080,5610,0,0.25
4082,5610,0,99.75
4080,5611,0,0.6
4082,5611,0,99.4
4080,5612,0,100
4080,5613,0,100
4076,5614,0,100
4196,5615,0,99.84
4202,5615,0,0.16
4202,5616,0,100
4202,5617,0,100
4076,5618,0,2.03
4227,5618,0,97.97
4064,5619,0,100
4078,5619,2,100
4063,5620,0,100
4062,5621,0,0.1
4083,5621,0,99.9
4240,5622,0,100
4228,5623,0,100
4228,5624,0,0.32
4229,5624,0,99.68
4229,5624,2,100
4233,5625,0,100
4063,5626,0,100
4226,5627,0,100
4222,5628,0,100
4222,5630,0,0.21
4228,5630,0,0.21
4236,5630,0,99.57
4227,5632,0,1.49
4228,5632,0,2.73
4230,5632,0,95.78
4234,5634,0,100
4234,5636,0,100
4223,5637,0,0.61
4224,5637,0,99.39
4232,5637,2,100
1703,5642,0,0.3
4223,5642,0,0.3
4235,5642,0,99.39
4239,5643,0,100
4239,5643,2,100
4223,5643,3,1.69
4239,5643,3,98.31
4223,5644,0,99.79
4239,5644,0,0.21
4239,5645,0,100
4239,5645,2,100
4221,5646,0,100
4237,5647,0,100
4204,5702,0,100
4195,5703,0,0.07
4209,5703,0,99.93
4195,5704,0,100
4197,5705,0,100
4192,5706,0,100
4208,5707,0,100
4132,5708,0,99.52
4192,5708,0,0.48
4131,5712,0,100
4006,5722,0,99.95
4146,5722,0,0.05
4006,5723,0,0.39
4145,5723,0,95.95
4146,5723,0,3.66
4134,5724,0,99.77
4145,5724,0,0.23
4138,5725,0,100
4134,5726,0,0.25
4146,5726,0,99.75
4140,5727,0,100
4135,5728,0,100
4147,5732,0,100
4137,5733,0,100
4141,5734,0,100
1097,5735,0,100
4133,5736,0,100
4139,5737,0,100
4276,5742,0,100
4283,5745,0,100
2573,5746,0,4.23
2585,5746,0,95.77
1061,6000,0,100
1061,6003,0,100
1054,6004,0,0.06
1061,6004,0,99.94
1058,6005,0,3.72
1059,6005,0,6.81
1061,6005,0,89.47
1058,6005,2,100
1054,6006,0,0.04
1061,6006,0,99.82
1063,6006,0,0.13
1059,6010,0,99.9
1401,6010,0,0.07
1507,6010,0,0.03
1059,6012,0,100
1059,6013,0,1.55
1066,6013,0,94.57
1507,6013,0,3.88
1061,6014,0,95.77
1062,6014,0,4.23
1061,6015,0,100
1061,6016,0,10.1
1062,6016,0,17.92
1093,6016,0,61.24
1098,6016,0,10.75
1098,6017,0,100
1083,6018,0,99.11
1095,6018,0,0.38
1098,6018,0,0.51
1062,6019,0,2.4
1098,6019,0,97.6
1024,6020,0,98.88
1054,6020,0,0.27
1061,6020,0,0.85
1083,6022,0,0.26
1086,6022,0,99.74
1040,6023,0,99.87
1093,6023,0,0.13
1088,6024,0,100
1081,6025,0,100
1026,6026,0,0.56
1037,6026,0,98.15
1039,6026,0,0.74
1040,6026,0,0.56
1039,6027,0,100
1039,6028,0,93.83
1081,6028,0,6.17
1051,6030,0,0.09
1052,6030,0,0.38
1054,6030,0,99.53
1024,6032,0,97.36
1054,6032,0,2.64
1052,6033,0,100
1023,6034,0,3.68
1026,6034,0,5.95
1033,6034,0,89.67
4231,6034,0,0.35
4239,6034,0,0.35
1052,6035,0,88.89
1065,6035,0,11.11
1053,6036,0,100
1065,6037,0,100
1033,6038,0,6.69
1055,6038,0,93.01
1065,6038,0,0.3
1057,6038,2,100
1065,6039,0,100
4231,6042,0,100
1051,6043,0,100
1065,6044,0,0.83
1067,6044,0,99.17
1063,6045,0,100
1058,6047,0,100
1058,6048,0,99.1
1059,6048,0,0.9
1058,6052,0,0.1
1507,6052,0,99.9
1401,6053,0,100
1401,6055,0,100
1407,6056,0,100
1407,6060,0,100
1407,6060,2,100
1407,6062,0,100
1407,6063,0,100
1404,6064,0,100
1404,6066,0,100
1404,6067,0,94.62
1406,6067,0,5.38
1404,6068,0,100
1406,6072,0,100
1406,6073,0,100
1403,6074,0,96.09
1406,6074,0,3.91
1405,6078,0,100
1405,6078,2,100
783,6083,0,100
783,6084,0,100
783,6085,0,100
783,6086,0,100
1062,6102,0,100
1066,6103,0,100
1002,6105,0,0.95
1009,6105,0,97.47
1098,6105,0,1.58
1009,6106,0,31.9
1098,6106,0,68.1
1001,6110,0,0.1
1002,6110,0,0.31
1009,6110,0,15.14
1098,6110,0,3.34
1107,6110,0,81
1136,6110,0,0.1
1007,6110,2,75
1136,6110,2,25
1001,6112,0,100
1007,6113,0,100
1107,6114,0,100
1107,6122,0,0.2
1136,6122,0,96.73
1151,6122,0,3.07
1136,6123,0,100
1132,6125,0,6.9
1136,6125,0,82.76
1151,6125,0,10.34
1151,6126,0,100
1132,6130,0,0.35
1136,6130,0,0.12
1151,6130,0,99.53
1132,6132,0,22.73
1151,6132,0,77.27
1132,6133,0,98.72
1151,6133,0,1.28
1130,6142,0,100
1130,6143,0,1.9
1143,6143,0,98.1
1126,6144,0,0.44
1150,6144,0,99.33
1151,6144,0,0.22
1129,6145,0,100
333,6146,0,0.43
1131,6146,0,99.57
333,6147,0,0.32
1122,6147,0,91.8
1131,6147,0,7.26
1139,6147,0,0.63
1129,6152,0,3.3
1150,6152,0,96.7
1135,6153,0,1.54
1145,6153,0,97.3
1150,6153,0,1.16
1135,6154,0,96.18
1151,6154,0,3.82
1132,6156,0,1.87
1135,6156,0,92.99
1151,6156,0,5.14
1135,6156,2,100
1002,6162,0,99.71
1005,6162,0,0.29
1002,6162,2,100
1002,6162,3,98.05
1005,6162,3,1.95
1002,6163,0,100
1002,6166,0,2.59
1005,6166,0,96.85
1007,6166,0,0.56
1007,6167,0,100
1004,6170,0,0.17
1007,6170,0,0.77
1008,6170,0,98.8
1010,6170,0,0.26
1004,6173,0,99.1
1010,6173,0,0.9
1004,6174,0,100
1010,6182,0,100
1004,6192,0,8.81
1010,6192,0,91.19
1010,6196,0,100
901,6197,0,6.11
906,6197,0,88.51
924,6197,0,0.73
1004,6197,0,3.42
1010,6197,0,1.22
1093,6203,0,100
1093,6204,0,1.64
1102,6204,0,98.36
1084,6205,0,100
1024,6206,0,2.05
1040,6206,0,0.11
1093,6206,0,96.76
1098,6206,0,1.08
1093,6207,0,0.76
1094,6207,0,98.74
1095,6207,0,0.13
1098,6207,0,0.38
1095,6208,0,100
1091,6210,0,7.67
1095,6210,0,4.62
1099,6210,0,0.28
1103,6210,0,87.43
1125,6211,1,100
1089,6212,0,100
1091,6212,2,100
1089,6213,0,99.56
1104,6213,0,0.44
1084,6214,0,0.33
1099,6214,0,99.67
1081,6215,0,100
1081,6215,2,100
1091,6216,0,95.38
1095,6216,0,4.62
1128,6217,0,100
1128,6218,0,100
1081,6221,0,5.67
1097,6221,0,94.33
1081,6222,0,99.56
1099,6222,0,0.44
1100,6231,0,100
1085,6232,0,100
1082,6233,0,100
1104,6234,0,100
1104,6234,1,100
1104,6235,0,94.91
1125,6235,0,5.09
1104,6236,0,100
1091,6242,0,2.65
1146,6242,0,97.35
1127,6243,0,100
1123,6244,0,0.19
1126,6244,0,0.75
1127,6244,0,1.12
1137,6244,0,97.94
1126,6245,0,95
1131,6245,0,5
1123,6246,0,97.61
1125,6246,0,2.39
1126,6247,0,0.23
1143,6247,0,99.77
1121,6248,0,96.37
1151,6248,0,3.63
1125,6252,0,99.35
1140,6252,0,0.65
1125,6253,0,100
1140,6260,0,100
1125,6260,2,1.69
1140,6260,2,95.76
1147,6260,2,2.54
1140,6260,3,5.26
1147,6260,3,94.74
1140,6260,4,100
1140,6262,0,100
1123,6263,0,0.54
1140,6263,0,99.46
1139,6264,0,99.79
4274,6264,0,0.21
1139,6265,0,5.78
1142,6265,0,94.22
1023,6274,0,2.48
1026,6274,0,97.1
1031,6274,0,0.41
1023,6275,0,82.8
1031,6275,0,0.46
1032,6275,0,16.59
4239,6275,0,0.15
1032,6276,0,100
1032,6277,0,98.77
4223,6277,0,1.23
1032,6277,2,100
1031,6280,0,92.6
1032,6280,0,1.45
1039,6280,0,5.95
1031,6280,2,88.89
1039,6280,2,11.11
1031,6283,0,66.49
1032,6283,0,3.78
1039,6283,0,29.73
1030,6284,0,100
1030,6284,2,100
1030,6285,0,100
1030,6285,2,100
1022,6286,0,100
1021,6287,0,98.23
1041,6287,0,1.77
1030,6288,0,0.18
1041,6288,0,99.82
1030,6289,0,100
1030,6289,2,100
1025,6294,0,100
1030,6295,0,100
1701,6300,0,0.46
1708,6300,0,0.77
1711,6300,0,98.77
1711,6300,5,100
1701,6312,0,0.09
1708,6312,0,99.91
1704,6313,0,99.87
1705,6313,0,0.13
1704,6313,2,100
1704,6313,3,100
1706,6314,0,0.06
1709,6314,0,99.76
1711,6314,0,0.18
1701,6314,1,25.71
1704,6314,1,57.14
1709,6314,1,14.29
1711,6314,1,2.86
1706,6315,0,99.68
1709,6315,0,0.32
1704,6315,2,6.84
1706,6315,2,93.16
1371,6315,3,1.49
1706,6315,3,98.51
1711,6317,0,100
1362,6318,0,1.47
1710,6318,0,97.65
1711,6318,0,0.88
1701,6319,0,100
1702,6330,0,98.85
1708,6330,0,1.09
1711,6330,0,0.06
1702,6331,0,0.77
1703,6331,0,99.23
1702,6332,0,99.57
1703,6332,0,0.43
1703,6333,0,100
1701,6340,0,99.86
1705,6340,0,0.14
4,6340,4,52.94
295,6340,4,11.76
1705,6340,4,35.29
1707,6343,0,100
1707,6343,2,100
1707,6343,3,100
1707,6343,4,100
1064,6344,0,100
1701,6345,0,0.2
1705,6345,0,99.8
1056,6353,0,0.23
1069,6353,0,99.77
1068,6354,0,99.54
1069,6354,0,0.15
1311,6354,0,0.31
1068,6356,0,10.06
1069,6356,0,61.45
1362,6356,0,28.49
1506,6362,0,0.85
1510,6362,0,99.15
1505,6363,0,13.98
1510,6363,0,86.02
1510,6363,1,100
1505,6363,2,70.83
1510,6363,2,29.17
1510,6365,0,100
1508,6370,0,0.14
1509,6370,0,99.86
1508,6370,41,100
1506,6372,0,100
1505,6373,0,100
1502,6374,0,99.18
1505,6374,0,0.72
1508,6374,0,0.1
1501,6375,0,100
1501,6376,0,3.95
1504,6376,0,96.05
1215,6377,0,94.15
1504,6377,0,5.85
1508,6382,0,100
1503,6383,0,98.95
1511,6383,0,1.05
1508,6383,2,96.3
1511,6383,2,3.7
1503,6383,3,100
1503,6383,4,100
1511,6386,0,100
1511,6387,0,100
1402,6388,0,39.13
1511,6388,0,60.87
1203,6390,0,0.53
1402,6390,0,98.52
1511,6390,0,0.95
1331,6402,0,100
1331,6403,0,100
1056,6404,0,100
1331,6405,0,100
1362,6410,0,100
1362,6410,2,100
1362,6410,3,100
1362,6410,4,100
1311,6410,5,100
1362,6414,0,100
1362,6415,0,100
1362,6416,0,1.47
1374,6416,0,98.53
1371,6417,0,99.08
1372,6417,0,0.5
1706,6417,0,0.42
1370,6418,0,95.01
1371,6418,0,1.13
1706,6418,0,3.86
1371,6422,0,0.28
1373,6422,0,99.72
1364,6423,0,1.09
1372,6423,0,98.91
1365,6424,0,100
1361,6430,0,0.07
1372,6430,0,99.93
1361,6432,0,0.23
1372,6432,0,99.77
1366,6433,0,94.18
1367,6433,0,5.82
1363,6434,0,100
1367,6436,0,100
1367,6436,2,100
1367,6436,3,100
1372,6438,0,100
1364,6440,0,99.41
1366,6440,0,0.59
1215,6441,2,100
1311,6442,0,100
1366,6443,0,100
1217,6452,0,83.82
1366,6452,0,16.18
1217,6452,2,17.65
1369,6452,2,82.35
1207,6454,0,100
1201,6460,0,88.19
1205,6460,0,11.67
1207,6460,0,0.14
1211,6461,0,100
1214,6462,0,100
1205,6463,0,100
1205,6464,0,1.17
1218,6464,0,98.83
1219,6465,0,100
1204,6466,0,100
1213,6467,0,100
1203,6468,0,100
1205,6469,0,21.71
1213,6469,0,78.29
1206,6472,0,100
1209,6473,0,2.53
1216,6473,0,97.47
1209,6474,0,26.62
1216,6474,0,73.38
1216,6475,0,100
1209,6476,0,77.36
1216,6476,0,22.64
1209,6482,0,99.48
1220,6482,0,0.52
1220,6484,0,100
1220,6485,0,100
1208,6487,0,100
1202,6490,0,100
1212,6491,0,100
1210,6493,0,100
5002,6500,0,100
5002,6503,0,100
5002,6512,0,100
5002,6513,0,100
5002,6514,0,100
5002,6515,0,99.46
5017,6515,0,0.54
5113,6516,0,18.61
5138,6516,0,81.39
5001,6517,0,100
5002,6518,0,100
5002,6523,0,100
5002,6524,0,100
5002,6525,0,100
5287,6526,0,100
5287,6527,0,100
5002,6528,0,99.9
5017,6528,0,0.1
5001,6532,0,92.72
5002,6532,0,0.27
5010,6532,0,7.01
5010,6533,0,100
3835,6534,0,100
3834,6535,0,100
3805,6537,0,3.33
3832,6537,0,96.67
3832,6538,0,100
3805,6540,0,100
3810,6541,0,100
3804,6542,0,100
3837,6543,0,100
3837,6544,0,100
3837,6545,0,100
3808,6546,0,51.2
3837,6546,0,48.8
3808,6547,0,100
3808,6548,0,100
3834,6549,0,100
3832,6556,0,100
3831,6557,0,92.47
3832,6557,0,7.53
3821,6558,0,100
3823,6562,0,100
3822,6563,0,100
3822,6565,0,100
5398,6571,0,100
5113,6572,0,1.31
5398,6572,0,98.69
5398,6573,0,100
5398,6574,0,100
5398,6575,0,100
5398,6575,1,100
5398,6576,0,100
5398,6577,0,100
5398,6578,0,100
5398,6579,0,100
5002,6582,0,100
5002,6583,0,100
5002,6584,0,100
5002,6592,0,2.6
5003,6592,0,0.41
5017,6592,0,96.99
5003,6593,0,97.42
5017,6593,0,1.97
5398,6593,0,0.61
5113,6594,0,2.52
5138,6594,0,0.94
5398,6594,0,96.54
5112,6595,0,90.83
5113,6595,0,8.52
5138,6595,0,0.66
5108,6596,0,98.37
5113,6596,0,1.63
5138,6597,0,100
5118,6598,0,5.48
5131,6598,0,94.52
5003,6599,0,100
5113,6600,0,99.91
5120,6600,0,0.09
5113,6600,2,0.21
5118,6600,2,0.21
5120,6600,2,97.26
5121,6600,2,2.32
5113,6600,4,100
5113,6605,0,95.14
5121,6605,0,4.86
5136,6611,13,100
5136,6611,16,100
5136,6611,17,100
5091,6612,0,99.26
5113,6612,0,0.74
5125,6613,0,100
5097,6614,0,100
5097,6614,2,100
5115,6616,0,100
5091,6618,0,0.43
5115,6618,0,99.57
5125,6622,0,100
5102,6631,0,100
5135,6632,0,100
5112,6633,0,100
5095,6634,0,100
5138,6635,0,100
5105,6636,0,100
5129,6637,0,100
5113,6644,0,0.2
5121,6644,0,99.8
5096,6645,0,59.7
5118,6645,0,40.3
5096,6646,0,2.02
5118,6646,0,6.63
5131,6646,0,91.35
5117,6647,0,100
5118,6648,0,100
5113,6652,0,9.11
5396,6652,0,90.89
5396,6653,0,100
5396,6654,0,100
5136,6655,0,0.16
5397,6655,0,99.84
5397,6655,2,100
5397,6655,3,100
5397,6656,0,100
5397,6657,0,100
5397,6658,0,100
5397,6659,0,100
5397,6659,9,100
5136,6661,0,100
5136,6661,2,100
5136,6661,3,100
5136,6662,0,100
5136,6663,0,99.38
5397,6663,0,0.62
5136,6663,2,100
5136,6664,0,100
5317,6670,0,0.26
5324,6670,0,99.74
5324,6672,0,100
5317,6673,0,100
5317,6674,0,100
5317,6674,2,100
5310,6675,0,100
5310,6676,0,100
5317,6677,1,100
5317,6677,2,100
5317,6678,0,100
5317,6678,2,100
5317,6678,3,100
5315,6682,0,100
5309,6683,0,100
5307,6683,2,100
5307,6684,0,100
5307,6684,1,100
5304,6685,0,100
5310,6690,0,100
5310,6690,1,100
5323,6692,0,100
5323,6692,1,100
5323,6693,0,100
5323,6694,0,100
5323,6695,0,100
5323,6695,1,100
5323,6696,0,100
5002,6702,0,100
5287,6703,0,100
5287,6705,0,100
5287,6707,0,100
5281,6710,0,100
5050,6713,0,100
5050,6714,0,100
5048,6715,0,100
5048,6716,0,100
5048,6716,2,100
5048,6716,3,100
5049,6717,0,100
5049,6717,1,100
5049,6718,0,100
5049,6718,1,100
5049,6719,0,100
5049,6720,0,100
5049,6720,2,100
5050,6721,0,100
5048,6721,2,100
5048,6722,0,100
5048,6723,0,100
5048,6723,2,100
5048,6723,3,100
5048,6724,0,100
5048,6724,2,100
5077,6742,0,99.37
5281,6742,0,0.63
5064,6743,0,100
5076,6744,0,100
5073,6745,0,100
5072,6746,0,100
5072,6746,1,100
5072,6746,2,100
5072,6747,0,100
5072,6748,0,100
5072,6749,0,100
5072,6749,1,100
5072,6760,0,100
5072,6760,1,100
5072,6760,2,100
5072,6760,3,100
5072,6760,4,100
5072,6760,5,100
5072,6763,0,100
5072,6763,1,100
5072,6764,0,100
5078,6772,0,100
5078,6773,0,100
5071,6774,0,100
5079,6775,0,100
5061,6776,0,0.29
5079,6776,0,99.71
5079,6777,0,100
5079,6777,1,100
5061,6780,0,100
5061,6780,2,100
5063,6781,1,100
5063,6781,4,100
5238,6802,0,100
5238,6803,0,100
5238,6804,0,100
5199,6805,0,100
5238,6806,0,100
5189,6807,0,1.43
5226,6807,0,0.36
5227,6807,0,98.04
5238,6807,0,0.18
5227,6808,0,100
5238,6809,0,100
5009,6810,0,100
5189,6814,2,100
5162,6814,3,100
5198,6815,0,100
5154,6816,0,100
5195,6817,0,100
5197,6818,0,100
5219,6821,0,100
5144,6822,0,100
5144,6823,0,25.49
5192,6823,0,74.51
5254,6825,0,100
5263,6826,0,100
5160,6827,0,100
5242,6828,0,99.63
5251,6828,0,0.37
5242,6830,0,0.13
5250,6830,0,99.87
5250,6832,0,100
5250,6832,1,100
5257,6833,0,0.27
5268,6833,0,99.73
5257,6834,0,100
5269,6835,0,100
5269,6837,0,100
5269,6837,2,100
5269,6838,0,100
5269,6838,2,100
5269,6838,3,100
5269,6839,0,100
5249,6850,0,0.6
5254,6850,0,99.4
5254,6852,0,100
5254,6853,0,99.66
5266,6853,0,0.34
5266,6854,0,100
5266,6855,0,100
5254,6862,0,100
5254,6863,0,100
5254,6864,0,100
5254,6865,0,100
5254,6866,0,100
5160,6867,0,100
5249,6872,0,1.92
5254,6872,0,98.08
5254,6872,1,100
5249,6873,0,100
5249,6874,0,100
5249,6875,0,100
5249,6875,2,100
5249,6875,3,100
5249,6877,0,0.15
5251,6877,0,99.85
5260,6883,0,100
5192,6900,0,99.96
5196,6900,0,0.04
5192,6900,5,0.51
5196,6900,5,99.49
5192,6900,9,0.31
5210,6900,9,99.69
5192,6912,0,100
5192,6913,0,100
5192,6914,0,100
5192,6915,0,100
5186,6916,0,96.41
5192,6916,0,3.08
5236,6916,0,0.51
5192,6917,0,100
5192,6918,0,100
5236,6919,0,100
5233,6921,0,100
5203,6922,0,100
5192,6924,0,3.24
5225,6924,0,96.76
5192,6925,0,0.24
5236,6925,0,99.76
5236,6926,0,100
5236,6927,0,100
5194,6928,0,100
5187,6929,0,100
5148,6930,0,100
5192,6932,0,100
5192,6933,0,3.02
5205,6933,0,96.98
5141,6934,0,3.97
5151,6934,0,95.82
5194,6934,0,0.21
5151,6935,0,100
5161,6936,0,100
5237,6937,0,100
5237,6938,0,100
5237,6938,1,100
5237,6939,1,100
5237,6939,2,100
5214,6942,0,2.99
5221,6942,0,97.01
5231,6943,0,100
5176,6944,0,0.25
5180,6944,0,99.75
5208,6945,0,99.8
5212,6945,0,0.2
5212,6946,0,100
5226,6947,0,100
5214,6948,0,99.55
5221,6948,0,0.45
5176,6949,0,100
5226,6950,0,100
5192,6951,8,100
5192,6951,17,100
5192,6951,18,100
5192,6951,19,100
5192,6951,20,100
5192,6951,23,100
5167,6952,0,97.24
5176,6952,0,0.59
5214,6952,0,2.17
5226,6953,0,100
5226,6954,0,100
5226,6954,1,100
5226,6955,0,100
5226,6955,1,100
5226,6956,0,100
5226,6957,0,100
5226,6958,0,100
5226,6958,2,100
5192,6959,0,100
5192,6959,2,100
5192,6959,3,100
5192,6959,4,100
5192,6959,5,100
5226,6960,0,100
5192,6962,0,100
5192,6963,0,100
5192,6963,2,100
5192,6964,0,100
5192,6965,0,100
5192,6966,0,100
5192,6967,0,100
5192,6968,0,100
5192,6974,0,100
5192,6976,0,100
5192,6977,0,100
5192,6978,0,100
5192,6979,0,100
5178,6980,0,100
5149,6981,11,100
5178,6981,12,100
5181,6981,15,100
5149,6981,16,99.39
5207,6981,16,0.61
5141,6982,0,99.5
5151,6982,0,0.5
5193,6983,0,98.53
5206,6983,0,1.47
5216,6984,0,100
5181,6986,0,0.46
5207,6986,0,99.54
5200,6986,2,100
5149,6986,3,0.36
5181,6986,3,99.64
5171,6987,0,100
5213,6988,0,100
5178,6989,0,100
5141,6990,0,97.31
5230,6990,0,2.69
5206,6991,0,100
5151,6992,0,0.69
5230,6992,0,99.31
5151,6992,1,95.69
5161,6992,1,4.31
5151,6993,0,98.63
5230,6993,0,1.37
5143,6994,0,100
5202,6995,0,100
5178,6995,2,100
5202,6996,0,100
5202,6997,0,3.29
5222,6997,0,96.71
5202,6998,0,100
5146,6999,0,100
3901,7000,0,99.57
3911,7000,0,0.41
3945,7000,0,0.02
3722,7012,0,0.64
3731,7012,0,99.36
3722,7013,0,100
3734,7014,0,100
3722,7015,0,1.31
3733,7015,0,98.69
3734,7016,0,100
3732,7017,0,100
3732,7018,0,100
3732,7019,0,100
3941,7023,0,100
3926,7026,0,100
3921,7027,0,100
3921,7027,1,100
3921,7027,3,100
3921,7028,0,100
3921,7028,1,100
3921,7029,0,100
3575,7031,0,100
3575,7032,0,100
3921,7050,0,100
3921,7056,0,100
3921,7057,0,100
3921,7058,0,100
3911,7062,0,100
3932,7063,0,100
3932,7064,0,100
3911,7074,0,100
3911,7075,0,100
3506,7076,0,0.56
3911,7076,0,99.44
3506,7077,0,100
3506,7078,0,100
3506,7082,0,100
3513,7083,0,100
3542,7084,0,100
3672,7104,0,100
3672,7106,0,100
3672,7107,0,100
3672,7109,0,100
3618,7110,0,100
3619,7111,0,100
3619,7112,0,100
3618,7113,0,100
3618,7114,0,100
3618,7115,0,100
3618,7116,0,100
3603,7116,2,100
3672,7122,0,100
3619,7126,0,100
3619,7127,0,100
3619,7128,0,100
3619,7130,0,100
3619,7130,2,100
3603,7132,0,100
3981,7134,0,0.64
3988,7134,0,99.36
3988,7137,0,100
3988,7138,0,100
3619,7141,0,100
3618,7142,0,100
3618,7143,0,100
3618,7144,0,99.62
3619,7144,0,0.38
3618,7145,0,100
3618,7146,0,100
3618,7147,0,100
3618,7148,0,100
3618,7149,0,100
3582,7151,0,100
3581,7152,0,100
3572,7153,0,100
3619,7154,0,100
3619,7155,0,100
3619,7156,0,100
3619,7156,1,100
3619,7157,0,100
3981,7158,0,100
3981,7159,0,100
3981,7162,0,100
3981,7163,0,100
3981,7164,0,100
3981,7165,0,100
3987,7166,0,100
3987,7167,0,100
3987,7168,0,100
3985,7172,0,98.64
3987,7172,0,1.36
3985,7173,0,100
3985,7174,0,100
3985,7175,0,100
3985,7176,0,100
3982,7180,0,100
3982,7182,0,100
3982,7183,0,100
3983,7184,0,100
3983,7185,0,100
3982,7186,0,100
3986,7187,0,100
3986,7188,0,100
3986,7189,0,100
3945,7202,0,100
3945,7203,0,100
3946,7204,0,99.88
3955,7204,0,0.12
3947,7205,0,100
3955,7206,0,100
3954,7208,0,100
3972,7212,0,100
3972,7212,1,100
3972,7212,2,100
3961,7213,0,100
3961,7214,0,100
3961,7215,0,99.62
3972,7215,0,0.38
3962,7220,0,100
3891,7222,0,42.7
3962,7222,0,57.3
3891,7223,0,100
3891,7224,0,100
3891,7226,0,8.18
3962,7226,0,91.82
3962,7226,2,100
3962,7228,0,100
3962,7228,1,100
3863,7231,0,100
3862,7232,0,100
3863,7233,0,100
3861,7235,0,100
3882,7240,0,90.97
3891,7240,0,9.03
3881,7241,0,100
3891,7242,0,100
3891,7243,0,100
3891,7244,0,100
3891,7245,0,100
3891,7246,0,100
3871,7247,0,100
3871,7249,0,94.83
3881,7249,0,5.17
3871,7250,0,100
3871,7252,0,100
3851,7260,0,99.89
3921,7260,0,0.11
3851,7265,0,97.72
3871,7265,0,2.28
3851,7270,0,100
3851,7272,0,100
3851,7276,0,100
3851,7277,0,100
3851,7278,0,100
3953,7302,0,1.77
3955,7302,0,98.23
3955,7303,0,100
3951,7304,0,0.38
3953,7304,0,99.62
3951,7306,0,100
3952,7307,0,100
3291,7310,0,100
3294,7312,0,100
3294,7313,0,96.77
3955,7313,0,3.23
3294,7314,0,100
3294,7315,0,78.1
3733,7315,0,21.9
3291,7317,0,11.73
3294,7317,0,88.27
3294,7317,3,100
3296,7320,0,100
3297,7323,0,100
3297,7324,0,100
3293,7325,0,100
3293,7326,0,100
3672,7402,0,3.02
3721,7402,0,96.98
3723,7403,0,100
3673,7404,0,100
3637,7405,0,92.04
3661,7405,0,7.96
3673,7407,0,100
3661,7408,0,100
3661,7408,1,100
3640,7411,0,100
3638,7412,0,100
3633,7413,0,100
3633,7414,0,100
3661,7415,0,4.88
3673,7415,0,95.12
3673,7415,2,100
3673,7416,0,100
3673,7417,0,100
3673,7418,0,100
3673,7419,0,100
3661,7421,0,99.45
3663,7421,0,0.55
3661,7422,0,100
3661,7423,0,100
3661,7423,2,100
3661,7424,0,100
3661,7424,1,100
3663,7425,0,100
3662,7426,0,100
3670,7427,0,100
3669,7428,0,100
3668,7430,0,100
3711,7430,2,100
3668,7431,1,100
3668,7431,2,100
3712,7432,0,100
3703,7433,0,14.16
3705,7433,0,85.84
3707,7433,3,100
3708,7433,4,100
3703,7433,5,100
3695,7434,0,100
3694,7435,0,100
3694,7436,0,100
3693,7437,0,100
3691,7438,0,100
3701,7440,0,100
3701,7442,0,100
3701,7443,0,100
3713,7444,0,100
3713,7445,0,100
3681,7446,0,100
3681,7447,0,100
3681,7447,1,100
3681,7448,0,100
3506,7450,0,8.45
3542,7450,0,91.55
3542,7451,0,100
3543,7452,0,100
3543,7453,0,100
3543,7454,0,100
3543,7455,0,100
3543,7456,0,100
3543,7456,2,100
3543,7457,0,100
3542,7458,0,100
3542,7459,0,100
3543,7460,0,100
3543,7462,0,100
3543,7463,0,100
3543,7464,0,100
3542,7472,0,100
3542,7473,0,100
3544,7477,0,100
3544,7482,0,100
3544,7482,1,100
3544,7482,2,100
3544,7484,0,100
3542,7492,0,100
3514,7493,0,100
3544,7494,0,4.72
3851,7494,0,95.28
3782,7500,0,0.46
3787,7500,0,99.54
3781,7502,0,100
3786,7503,0,100
3782,7504,0,1.43
3784,7504,0,98.02
3786,7504,0,0.55
3782,7505,0,100
3787,7512,0,52.91
3790,7512,0,47.09
3790,7513,0,100
3790,7513,2,100
3789,7514,0,100
3789,7514,2,100
3789,7515,0,100
3792,7516,0,100
3789,7517,0,100
3785,7522,0,100
3783,7523,0,100
3791,7524,0,100
3788,7525,0,100
3788,7526,0,100
3746,7527,0,100
3746,7530,0,100
3847,7532,0,100
3847,7533,0,100
3847,7534,0,100
3847,7535,0,100
3847,7536,0,100
3847,7537,0,100
3746,7542,0,100
3746,7543,0,100
3762,7545,0,100
3762,7546,0,100
3762,7550,0,100
3762,7551,0,100
3762,7552,0,100
3762,7553,0,100
3762,7554,0,100
3762,7554,2,100
3764,7556,0,100
3764,7557,0,100
3764,7558,0,100
3764,7559,0,100
3764,7560,0,100
3752,7562,0,100
3752,7563,0,100
3792,7602,0,100
3792,7603,0,100
3792,7604,0,100
3792,7605,0,100
3792,7606,0,100
3792,7606,1,100
3792,7608,0,100
3792,7610,0,100
3561,7710,0,100
3561,7710,2,100
3561,7741,0,100
3561,7742,0,100
3561,7742,2,100
3561,7742,3,100
3551,7743,0,100
3551,7743,2,33.33
3561,7743,2,66.67
3551,7744,0,100
3561,7745,0,100
3561,7746,0,100
3551,7747,0,100
3551,7748,0,100
261,8001,0,100
261,8002,0,100
261,8003,0,100
261,8004,0,100
261,8005,0,100
261,8006,0,100
261,8008,0,100
261,8032,0,100
261,8037,0,100
261,8038,0,100
261,8041,0,100
261,8044,0,100
191,8044,1,99.67
261,8044,1,0.33
261,8045,0,100
261,8046,0,100
261,8047,0,100
261,8048,0,100
261,8049,0,100
261,8050,0,100
191,8051,0,0.34
261,8051,0,99.66
66,8052,0,0.04
97,8052,0,0.37
261,8052,0,99.59
261,8053,0,100
261,8055,0,100
261,8057,0,100
261,8064,0,100
245,8102,0,100
249,8103,0,100
251,8104,0,100
96,8105,0,100
96,8105,2,100
96,8106,2,100
83,8107,0,99.9
94,8107,0,0.1
84,8108,0,100
4048,8109,0,100
94,8112,0,100
82,8113,0,100
85,8114,0,100
87,8115,0,100
193,8117,0,100
193,8118,0,100
193,8121,0,100
195,8122,0,100
195,8123,0,100
195,8124,0,100
161,8125,0,99.57
261,8125,0,0.43
160,8126,0,100
154,8127,0,32.98
192,8127,0,1.51
195,8127,0,65.51
192,8132,0,100
192,8132,2,96.59
195,8132,2,3.41
192,8133,0,100
131,8134,0,99.92
261,8134,0,0.08
136,8135,0,99.59
295,8135,0,0.41
295,8135,2,100
295,8135,3,100
141,8136,0,100
242,8142,0,0.08
248,8142,0,98.61
261,8142,0,1.31
13,8143,0,100
13,8143,2,35.71
248,8143,2,7.14
261,8143,2,57.14
62,8152,0,0.21
66,8152,0,96.38
97,8152,0,2.99
261,8152,0,0.43
66,8152,1,100
66,8152,2,100
97,8153,0,100
92,8154,0,100
90,8155,0,99.47
101,8155,0,0.53
90,8155,1,100
90,8156,0,100
86,8157,0,100
95,8158,0,100
88,8162,0,0.24
101,8162,0,99.76
101,8162,1,100
81,8164,0,99.75
88,8164,0,0.25
99,8165,0,100
93,8165,2,100
98,8165,3,100
91,8166,0,100
89,8172,0,100
88,8173,0,100
88,8174,0,0.5
100,8174,0,99.5
100,8175,0,100
53,8180,0,99.92
58,8180,0,0.03
72,8180,0,0.06
60,8181,0,100
59,8182,0,100
51,8184,0,100
72,8185,0,100
102,8187,0,100
58,8192,0,99.59
59,8192,0,0.41
58,8192,1,100
55,8193,0,99.92
58,8193,0,0.08
61,8194,0,100
70,8195,0,100
70,8196,0,0.16
71,8196,0,99.84
55,8197,0,0.09
67,8197,0,99.91
2937,8200,0,0.37
2939,8200,0,99.63
2939,8203,0,100
2939,8207,0,100
2939,8208,0,100
2937,8212,0,99.55
2939,8212,0,0.45
34,8212,4,100
2904,8213,0,100
2901,8214,0,100
2971,8215,0,100
2972,8216,0,100
2904,8217,0,0.21
2973,8217,0,0.21
2974,8217,0,99.58
2974,8218,0,100
2973,8219,0,100
2932,8222,0,99.83
2939,8222,0,0.17
2904,8223,0,1.1
2932,8223,0,98.9
2903,8224,0,99.58
2904,8224,0,0.42
2901,8225,0,1.9
2953,8225,0,98.1
2901,8226,0,0.32
2951,8226,0,0.16
2952,8226,0,99.52
2951,8228,0,100
2939,8231,0,100
2936,8232,0,100
2931,8233,0,100
2919,8234,0,100
2917,8235,0,100
2914,8236,0,100
2920,8236,2,100
2915,8239,0,100
2920,8240,0,100
2920,8241,0,100
2920,8242,0,100
2920,8242,1,100
2920,8243,0,100
27,8245,0,100
27,8246,0,100
29,8247,0,100
34,8248,0,100
4545,8252,0,1.03
4546,8252,0,98.97
4545,8253,0,100
4545,8253,2,100
4536,8254,0,100
4536,8255,0,100
4871,8259,0,100
4871,8259,2,100
4871,8259,3,100
4871,8259,4,100
2964,8260,0,100
2962,8261,0,100
2963,8262,0,100
2961,8263,0,100
4806,8264,0,96.62
4826,8264,0,3.38
4826,8265,0,100
4864,8266,0,100
4801,8267,0,100
4851,8268,0,100
4851,8268,2,100
4851,8269,0,100
4646,8272,0,100
4646,8273,0,100
4696,8274,0,100
4651,8274,2,100
4643,8280,0,0.02
4671,8280,0,98.69
4696,8280,0,1.29
62,8302,0,100
52,8303,0,100
69,8304,0,98.05
191,8304,0,1.95
54,8305,0,100
200,8306,0,100
199,8307,0,0.06
296,8307,0,99.94
296,8307,2,100
172,8308,0,0.09
296,8308,0,99.91
172,8308,2,17.5
180,8308,2,5
296,8308,2,77.5
62,8309,0,0.54
64,8309,0,99.46
176,8310,0,59.02
230,8310,0,40.98
176,8310,1,100
213,8311,0,100
176,8312,0,100
296,8314,0,100
176,8315,0,100
176,8317,0,100
172,8320,0,100
178,8322,0,99.31
182,8322,0,0.69
178,8322,2,100
177,8330,0,100
177,8331,0,100
178,8332,0,100
178,8332,2,100
173,8335,0,100
111,8340,0,0.18
113,8340,0,0.21
117,8340,0,99.56
121,8340,0,0.06
117,8342,0,100
111,8344,0,100
111,8345,0,97.69
121,8345,0,2.31
219,8352,0,100
230,8352,2,100
294,8353,0,100
226,8354,0,0.81
294,8354,0,99.19
294,8355,0,1.04
4551,8355,0,98.96
4551,8356,0,100
4551,8357,0,100
4724,8360,0,92.41
4746,8360,0,7.59
4724,8360,2,100
4721,8362,0,100
228,8363,0,3.56
4721,8363,0,96.44
4724,8370,0,0.32
4761,8370,0,99.68
4761,8371,0,100
4726,8372,0,23.62
4761,8372,0,76.38
4726,8374,0,100
4726,8374,2,100
3392,8376,0,4.41
4726,8376,0,95.59
3394,8376,2,1.52
4726,8376,2,98.48
230,8400,0,100
230,8404,0,100
230,8404,2,100
230,8404,3,100
226,8405,0,0.12
230,8405,0,99.88
230,8406,0,100
230,8408,0,100
230,8409,0,100
223,8412,0,100
223,8412,1,100
223,8412,2,100
223,8413,0,100
24,8414,0,100
23,8415,0,100
23,8415,1,100
28,8416,0,100
226,8418,0,100
215,8421,0,100
224,8422,0,100
56,8424,0,100
65,8425,0,100
63,8426,0,100
57,8427,2,100
56,8427,3,0.15
68,8427,3,99.85
57,8428,0,99.47
68,8428,0,0.53
221,8442,0,100
31,8444,0,100
25,8447,0,98.01
34,8447,0,1.99
30,8450,0,100
33,8451,0,100
21,8452,0,100
33,8453,0,100
2933,8454,0,100
2938,8455,0,100
32,8457,0,100
26,8458,0,100
43,8459,0,100
35,8460,0,100
33,8461,0,100
38,8462,0,100
22,8463,0,100
35,8464,0,97.26
38,8464,0,2.74
40,8465,0,100
40,8465,1,100
37,8466,0,0.81
40,8466,0,99.19
41,8467,0,100
44,8468,0,100
44,8468,2,100
214,8471,0,100
214,8471,2,100
214,8471,3,100
214,8471,4,100
214,8471,5,100
227,8472,0,100
216,8474,0,100
37,8475,0,100
42,8476,0,99.18
4536,8476,0,0.82
36,8477,0,100
39,8478,0,100
211,8479,0,100
230,8482,0,90.37
296,8482,0,9.63
231,8483,0,87.48
296,8483,0,12.52
180,8484,0,100
180,8484,2,100
180,8486,0,2.24
231,8486,0,97.76
231,8487,0,100
231,8487,1,100
182,8488,0,0.21
228,8488,0,99.79
182,8489,0,100
182,8489,1,100
182,8489,2,100
181,8492,0,84.14
228,8492,0,15.86
181,8493,0,3.15
297,8493,0,96.85
114,8494,0,0.15
297,8494,0,99.85
228,8495,0,68.45
4726,8495,0,31.55
114,8496,0,99.63
3394,8496,0,0.37
114,8497,0,100
111,8498,0,21.6
114,8498,0,70.71
117,8498,0,7.69
297,8499,0,89.07
4726,8499,0,10.93
4561,8500,0,0.4
4566,8500,0,91.08
4571,8500,0,7.2
4591,8500,0,0.77
4611,8500,0,0.56
220,8500,4,0.79
4566,8500,4,99.21
4841,8505,0,100
4841,8505,2,100
4811,8506,0,100
4816,8507,0,98.52
4826,8507,0,1.48
4816,8508,0,97.35
4841,8508,0,2.65
4611,8512,0,100
4611,8512,2,100
4611,8512,3,100
4711,8514,0,9.07
4881,8514,0,90.93
4551,8522,0,100
4551,8522,2,100
220,8523,0,99.47
294,8523,0,0.53
4616,8524,0,100
4616,8524,2,100
4601,8525,0,100
36,8525,2,30.23
4601,8525,2,69.77
4601,8526,0,100
4621,8532,0,100
4621,8532,2,98.72
4811,8532,2,1.28
4811,8535,0,95.82
4821,8535,0,4.18
4621,8536,0,0.15
4811,8536,0,1.53
4821,8536,0,98.32
4821,8537,0,100
4821,8537,2,100
230,8542,0,0.14
298,8542,0,99.86
298,8543,0,100
298,8543,1,100
298,8543,2,100
298,8544,0,100
225,8545,0,100
225,8545,1,99.29
230,8545,1,0.71
4571,8546,0,100
4571,8546,2,100
298,8546,3,100
4571,8547,0,100
218,8548,0,100
4561,8552,0,99.7
4566,8552,0,0.3
4590,8553,2,100
4590,8553,3,100
4590,8553,4,100
4590,8553,5,100
4951,8554,0,100
4881,8554,3,3.86
4951,8554,3,96.14
4831,8555,0,100
4951,8556,0,100
4951,8556,2,100
4951,8556,3,100
4951,8556,4,100
4701,8558,0,2.26
4846,8558,0,97.74
4941,8560,0,94.85
4951,8560,0,5.15
4941,8561,0,100
4701,8564,0,100
4701,8564,2,87.5
4951,8564,2,12.5
4701,8564,3,100
4701,8564,4,100
4701,8564,5,100
4951,8564,6,100
4701,8564,7,100
4701,8564,8,100
4666,8565,0,100
4666,8566,0,100
4666,8566,2,100
4666,8566,4,100
4666,8566,5,100
4891,8570,0,0.88
4946,8570,0,99.12
4891,8572,0,100
4891,8572,2,100
4891,8572,3,100
4891,8572,4,100
4666,8573,0,100
4666,8573,2,100
4666,8573,3,100
4683,8574,1,100
4683,8574,2,100
4683,8574,3,100
4683,8574,4,100
4911,8575,0,99.67
4946,8575,0,0.33
4911,8575,1,88.5
4921,8575,1,11.5
4891,8576,0,100
4501,8577,0,0.17
4756,8577,0,99.83
4416,8580,0,0.03
4441,8580,0,0.46
4461,8580,0,99.51
4446,8580,3,100
3202,8580,5,2.04
4461,8580,5,97.96
4416,8580,7,100
4461,8580,8,100
4461,8581,0,100
4406,8582,0,99.37
4416,8582,0,0.63
4506,8583,0,100
4506,8583,1,100
4506,8583,2,100
4911,8584,0,100
4891,8584,1,18.1
4911,8584,1,81.9
4901,8585,1,100
4901,8585,2,100
4681,8585,4,100
4681,8585,5,100
4681,8585,7,100
4681,8585,8,100
4901,8585,9,100
4901,8585,10,100
4476,8586,0,100
4901,8586,2,100
4476,8586,3,94.21
4681,8586,3,5.79
4476,8586,5,100
4476,8586,7,100
4476,8586,8,100
4476,8586,9,100
4901,8586,10,100
4461,8587,0,100
4511,8588,0,100
4511,8589,0,100
4436,8590,0,99.94
4451,8590,0,0.06
4451,8592,0,100
4426,8593,0,100
4656,8594,0,100
4641,8595,0,100
4691,8596,0,100
4691,8596,1,100
4691,8597,0,100
4643,8598,0,99.87
4671,8598,0,0.13
4441,8599,0,100
54,8600,0,0.09
191,8600,0,99.67
197,8600,0,0.24
200,8602,0,100
191,8603,0,0.11
197,8603,0,99.89
199,8604,0,100
199,8605,0,100
198,8606,0,100
194,8606,2,100
119,8607,0,95.98
196,8607,0,4.02
112,8608,0,99.49
113,8608,0,0.51
198,8610,0,100
115,8614,0,100
198,8614,2,100
198,8615,0,100
198,8615,2,100
198,8616,0,100
115,8617,0,0.44
196,8617,0,99.44
198,8617,0,0.11
157,8618,0,100
121,8620,0,100
121,8623,0,99.88
177,8623,0,0.12
115,8624,0,99.84
121,8624,0,0.16
115,8625,0,100
115,8626,0,100
115,8627,0,0.11
116,8627,0,99.79
153,8627,0,0.11
118,8630,0,99.89
3340,8630,0,0.11
113,8632,0,100
112,8633,0,99.65
3340,8633,0,0.35
153,8634,0,100
113,8635,0,100
113,8636,0,0.13
118,8636,0,0.17
120,8636,0,97.9
3342,8636,0,1.8
120,8637,0,99.8
3342,8637,0,0.2
3342,8638,0,100
3340,8640,0,100
1322,8640,3,100
3340,8645,0,100
3340,8646,0,100
154,8700,0,100
161,8702,0,100
151,8703,0,98.06
152,8703,0,0.12
154,8703,0,1.82
152,8704,0,100
156,8706,0,100
159,8707,0,100
155,8708,0,100
158,8712,0,100
158,8713,0,100
153,8714,0,98.95
3340,8714,0,1.05
3340,8715,0,100
3338,8716,0,100
3312,8717,0,100
3315,8718,0,100
3313,8722,0,99.26
3315,8722,0,0.74
3315,8723,0,100
3315,8723,2,100
3341,8725,0,100
3341,8725,2,98.32
3342,8725,2,1.68
3341,8726,0,64.2
3379,8726,0,35.8
3342,8727,0,100
1347,8730,0,0.21
3338,8730,0,1.17
3339,8730,0,98.42
3341,8730,0,0.21
3342,8732,0,100
3342,8733,0,100
3340,8734,0,6.3
3342,8734,0,93.7
3342,8735,0,100
3342,8735,2,100
3313,8737,0,1.03
3341,8737,0,98.97
3313,8738,0,0.2
3341,8738,0,99.8
3313,8739,0,2.94
3341,8739,0,97.06
1631,8750,0,0.18
1632,8750,0,99.82
1632,8750,2,100
1367,8750,3,0.65
1632,8750,3,99.35
1218,8751,0,100
1630,8752,0,100
1630,8753,0,100
1630,8754,0,0.14
1632,8754,0,99.86
1631,8755,0,0.33
1632,8755,0,99.67
1631,8756,0,100
1630,8757,0,100
1630,8758,0,100
1631,8762,0,100
1631,8762,2,100
1631,8762,3,100
1631,8765,0,100
1631,8766,0,100
1631,8767,0,100
1631,8772,0,100
1631,8773,0,100
1631,8774,0,100
1631,8775,1,100
1631,8775,2,100
1631,8777,0,100
1631,8777,2,100
1631,8782,0,100
1631,8783,0,100
1631,8784,0,100
141,8800,0,100
135,8802,0,100
135,8803,0,0.07
139,8803,0,99.93
142,8804,0,100
138,8805,0,100
1322,8806,0,69.8
1323,8806,0,30.2
1322,8807,0,100
1322,8808,0,100
295,8810,0,100
295,8815,0,100
295,8816,0,100
142,8820,0,100
140,8824,0,100
134,8825,0,100
1321,8832,0,0.18
1322,8832,0,0.25
1323,8832,0,99.57
1322,8832,2,100
138,8833,0,99.26
1323,8833,0,0.74
1321,8834,0,98.06
1323,8834,0,1.94
1321,8835,0,100
1301,8836,0,94.64
1321,8836,0,2.55
1706,8836,0,2.81
1301,8840,0,100
1301,8840,2,100
1301,8841,0,100
1368,8842,0,3.14
1372,8842,0,0.09
1375,8842,0,96.77
1368,8843,0,96.13
1372,8843,0,3.87
1301,8844,0,98.36
1375,8844,0,1.64
1375,8845,0,100
1301,8846,0,99.73
1341,8846,0,0.27
1301,8847,0,99.59
1321,8847,0,0.41
1361,8849,0,99.68
1372,8849,0,0.32
1341,8852,0,100
1342,8853,0,0.23
1344,8853,0,99.17
1349,8853,0,0.6
1342,8854,0,26.55
1346,8854,0,49.97
1349,8854,0,23.48
1342,8854,2,100
1346,8855,0,0.5
1347,8855,0,3.98
1349,8855,0,95.53
1347,8856,0,100
1348,8857,0,100
1343,8858,0,100
1346,8862,0,100
1346,8863,0,100
1345,8864,0,100
1630,8865,0,100
1630,8866,0,86.06
3315,8866,0,13.94
1630,8867,0,100
1630,8868,0,100
1630,8872,0,12.36
3311,8872,0,18.61
3316,8872,0,69.02
3311,8873,0,100
1630,8874,0,100
3295,8877,0,100
3295,8878,0,100
3298,8880,0,100
3298,8881,1,100
3298,8881,6,100
3295,8882,0,100
3295,8883,0,100
3295,8884,0,100
3295,8885,0,100
3293,8886,0,100
3293,8887,0,100
3292,8888,0,0.2
3293,8888,0,99
3296,8888,0,0.8
3293,8889,0,100
3292,8890,0,99.79
3298,8890,0,0.21
3292,8892,0,0.71
3298,8892,0,99.29
3292,8893,0,99.4
3298,8893,0,0.6
3292,8894,0,100
3292,8895,0,100
3292,8896,0,95.95
3295,8896,0,3.74
3298,8896,0,0.31
3292,8897,0,100
3292,8898,0,66.23
3295,8898,0,33.77
247,8902,0,1.43
250,8902,0,98.57
242,8903,0,100
241,8904,0,100
4084,8905,2,100
4061,8905,3,100
3,8906,0,100
14,8907,0,100
5,8908,0,100
2,8909,0,100
2,8910,0,100
12,8911,0,100
10,8912,0,100
11,8913,0,100
1,8914,0,100
1,8914,2,100
4,8915,0,100
4071,8916,0,100
4073,8917,0,100
4079,8918,0,100
4238,8919,0,100
4,8925,0,100
6,8926,0,100
6,8926,2,100
6,8926,3,100
9,8932,0,100
8,8933,0,100
7,8934,0,100
137,8942,0,100
244,8951,0,32.23
249,8951,0,6.89
251,8951,0,60.88
243,8952,0,1.19
247,8952,0,97.62
249,8952,0,0.5
261,8952,0,0.7
243,8953,0,99.89
4040,8953,0,0.11
244,8954,0,100
246,8955,0,100
4030,8956,0,100
4040,8957,0,100
4023,8962,0,100
4062,8964,0,0.1
4075,8964,0,99.9
4062,8965,0,100
4074,8966,0,100
4022,8967,0,0.12
4023,8967,0,0.12
4081,8967,0,99.76
3203,9000,0,100
3203,9008,0,93.09
3204,9008,0,6.91
3203,9010,0,100
3203,9011,0,100
3024,9012,0,2.83
3203,9012,0,97.17
3005,9014,0,0.23
3203,9014,0,99.77
3203,9015,0,96.4
3443,9015,0,3.6
3203,9016,0,100
3203,9030,0,0.2
3442,9030,0,99.8
3442,9030,3,100
3442,9032,0,99.11
3444,9032,0,0.89
3219,9033,0,100
3034,9034,0,0.19
3212,9034,0,99.81
3031,9035,0,99.4
3212,9035,0,0.6
3032,9036,0,0.44
3212,9036,0,99.56
3023,9037,0,91.43
3034,9037,0,0.71
3203,9037,0,7.5
3212,9037,0,0.36
3031,9038,0,3.17
3032,9038,0,0.13
3034,9038,0,96.69
3023,9042,0,98.71
3024,9042,0,0.1
3203,9042,0,1.19
3021,9043,0,0.35
3022,9043,0,0.09
3025,9043,0,99.29
3036,9043,0,0.27
3036,9044,0,100
3101,9050,0,59.09
3102,9050,0,2.7
3103,9050,0,18.18
3104,9050,0,0.15
3105,9050,0,19.87
3103,9050,2,100
3104,9050,3,100
3101,9050,5,95.6
3103,9050,5,4.4
3103,9050,6,98.62
3105,9050,6,1.38
3101,9050,7,1.02
3104,9050,7,98.98
3024,9052,0,98.61
3104,9052,0,1.39
3024,9053,0,97.61
3104,9053,0,2.39
3104,9054,0,100
3021,9055,0,86.75
3022,9055,0,4.99
3024,9055,0,0.17
3104,9055,0,8.09
3022,9056,0,96.72
3101,9056,0,1.37
3104,9056,0,1.92
3103,9057,0,12.19
3105,9057,0,87.81
3105,9057,2,100
3105,9057,3,100
3103,9058,0,90.53
3105,9058,0,9.29
3251,9058,0,0.18
3024,9062,0,100
3002,9063,0,0.39
3005,9063,0,99.61
3002,9064,0,100
3001,9100,0,99.33
3004,9100,0,0.32
3007,9100,0,0.12
3443,9100,0,0.23
3004,9103,0,98.87
3006,9103,0,0.38
3007,9103,0,0.19
3378,9103,0,0.57
3004,9104,0,0.17
3006,9104,0,0.33
3007,9104,0,99.5
3003,9105,0,49.44
3004,9105,0,4.92
3378,9105,0,45.64
3002,9107,0,13.12
3003,9107,0,0.17
3006,9107,0,84.22
3105,9107,0,1.03
3359,9107,0,0.17
3360,9107,0,1.2
3372,9107,0,0.09
3102,9108,0,96.88
3104,9108,0,0.18
3105,9108,0,2.94
3102,9108,2,100
3102,9108,3,100
3001,9112,0,100
3004,9113,0,0.59
3378,9113,0,4.13
3401,9113,0,94.4
3402,9113,0,0.88
3378,9114,0,100
3378,9115,0,100
3378,9116,0,6.47
3401,9116,0,93.53
3375,9122,0,0.63
3378,9122,0,99.37
3378,9122,2,100
3378,9123,0,95.49
3393,9123,0,4.51
3375,9125,0,0.61
3378,9125,0,99.39
3375,9126,0,59.73
3378,9126,0,40.27
3372,9127,0,0.45
3378,9127,0,99.55
3402,9200,0,0.38
3422,9200,0,0.27
3443,9200,0,99.35
3422,9203,0,0.94
3424,9203,0,99.06
3441,9204,0,90.38
3443,9204,0,9.09
3444,9204,0,0.52
3444,9205,0,100
3441,9212,0,3.29
3443,9212,0,96.71
3444,9213,0,1.3
4486,9213,0,98.7
4501,9214,2,98.55
4506,9214,2,1.45
4501,9215,0,100
4501,9215,2,100
4476,9216,0,1.99
4495,9216,0,98.01
4495,9216,2,100
4501,9217,0,100
3202,9220,0,0.94
4471,9220,0,88.72
4486,9220,0,4.59
4511,9220,0,5.76
3423,9223,0,8.33
4471,9223,0,91.67
4471,9223,1,100
4486,9225,0,100
4486,9225,1,100
3401,9230,0,0.21
3402,9230,0,98.71
3407,9230,0,0.94
3424,9230,0,0.15
3402,9231,0,100
3407,9240,0,0.22
3408,9240,0,99.78
3407,9240,2,99.15
3424,9240,2,0.85
3405,9242,0,0.19
3407,9242,0,99.63
3408,9242,0,0.19
3393,9243,0,0.2
3405,9243,0,99.8
3407,9244,0,0.28
3408,9244,0,99.72
3423,9245,0,1.85
3424,9245,0,98.15
3423,9245,2,0.47
3424,9245,2,99.53
3422,9246,0,98.92
3444,9246,0,1.08
3408,9247,0,100
3407,9248,0,100
3408,9249,0,100
3408,9249,1,100
3408,9249,2,100
3203,9300,0,0.24
3204,9300,0,99.51
3211,9300,0,0.12
3442,9300,0,0.06
3444,9300,0,0.06
3444,9304,0,100
3211,9305,0,99.61
3217,9305,0,0.39
3211,9306,0,2.97
4431,9306,0,97.03
3201,9308,0,88.32
3202,9308,0,3.65
3204,9308,0,8.03
3201,9312,0,100
3202,9313,0,94.26
4511,9313,0,5.74
4411,9314,0,100
4411,9315,0,96.92
4431,9315,0,3.08
3201,9315,2,0.38
4411,9315,2,99.62
4401,9320,0,100
4401,9320,2,87.97
4431,9320,2,12.03
4401,9320,3,97.3
4431,9320,3,2.7
4411,9322,0,99.38
4441,9322,0,0.62
3217,9323,0,100
4431,9325,0,100
3218,9326,0,0.14
4421,9326,0,99.86
3214,9327,0,0.28
3218,9327,0,99.72
3213,9400,0,0.14
3215,9400,0,99.86
3213,9402,0,0.11
3214,9402,0,99.79
3219,9402,0,0.11
3213,9403,0,100
3216,9404,0,99.62
3219,9404,0,0.23
3237,9404,0,0.15
3032,9405,0,0.57
3033,9405,0,95.43
3212,9405,0,1.14
3216,9405,0,2.86
3032,9410,0,99.16
3038,9410,0,0.84
3035,9411,0,98.7
3233,9411,0,1.3
3035,9411,1,100
3032,9413,0,0.18
3111,9413,0,99.82
3216,9422,0,1.29
3237,9422,0,98.71
3237,9423,0,100
3235,9424,0,94.81
3236,9424,0,5.19
3038,9425,0,1.51
3235,9425,0,0.11
3237,9425,0,98.39
3033,9426,0,99.37
3235,9426,0,0.63
3032,9427,0,0.55
3033,9427,0,0.28
3037,9427,0,0.14
3038,9427,0,98.48
3111,9427,0,0.41
3237,9427,0,0.14
3037,9428,0,98.63
3038,9428,0,0.42
3111,9428,0,0.84
3236,9428,0,0.11
3236,9430,0,100
3231,9434,0,99.91
3233,9434,0,0.09
3231,9435,0,60.7
3232,9435,0,20.31
3233,9435,0,6.92
3238,9435,0,12.07
3232,9436,0,98.47
3234,9436,0,0.56
3254,9436,0,0.97
3035,9437,0,0.28
3253,9437,0,99.58
3255,9437,0,0.14
3111,9442,0,2.03
3233,9442,0,97.97
3111,9442,2,100
3234,9443,0,3.07
3238,9443,0,96.93
3234,9444,0,100
3232,9445,0,0.08
3255,9445,0,99.92
3022,9450,0,0.04
3251,9450,0,99.96
3111,9450,2,9.23
3251,9450,2,90.77
3254,9451,0,100
3251,9452,0,60.38
3252,9452,0,39.62
3251,9453,0,1.52
3252,9453,0,98.48
3254,9462,0,100
3251,9463,0,3.79
3254,9463,0,95.96
3256,9463,0,0.25
3251,9464,0,2.89
3256,9464,0,97.11
3251,9464,2,100
3274,9465,0,100
3274,9466,0,100
3103,9467,0,1.4
3274,9467,0,98.6
3274,9468,0,100
3271,9469,0,0.32
3272,9469,0,2.86
3273,9469,0,0.32
3274,9469,0,96.51
3271,9470,0,94.85
3273,9470,0,0.04
3275,9470,0,5.11
3273,9470,5,100
3273,9472,0,100
3273,9472,2,100
3272,9473,0,99.91
3274,9473,0,0.09
3275,9475,0,100
3275,9476,0,0.23
3276,9476,0,99.77
3276,9476,2,100
3276,9477,0,100
3276,9478,0,100
3276,9479,0,100
3276,9479,1,100
3276,9479,2,100
3392,9500,0,0.68
3426,9500,0,0.03
3427,9500,0,99.08
4746,9500,0,0.21
4723,9502,0,100
4921,9503,0,100
4921,9503,2,100
4921,9504,0,100
4741,9506,0,100
4606,9507,0,100
4741,9508,0,100
3427,9512,0,100
3427,9514,0,1.52
4791,9514,0,98.48
3426,9515,0,0.3
4791,9515,0,99.7
4921,9517,0,100
3426,9523,0,100
3423,9524,0,1.17
3426,9524,0,97.76
3427,9524,0,1.07
3423,9525,0,100
3423,9526,0,100
3001,9527,0,0.17
3423,9527,0,99.83
3392,9532,0,0.91
3405,9532,0,0.18
4751,9532,0,98.91
3392,9533,0,100
3392,9533,1,100
3392,9534,0,100
4751,9535,0,0.47
4786,9535,0,99.53
3405,9536,0,97.12
3408,9536,0,0.18
3427,9536,0,1.62
4751,9536,0,1.08
4746,9542,0,100
3427,9543,0,3.01
4746,9543,0,96.99
4781,9545,0,100
4781,9546,0,100
4551,9547,0,100
4566,9548,0,3.74
4591,9548,0,94.22
4606,9548,0,2.03
3427,9552,0,100
4716,9553,0,100
4776,9554,0,100
4711,9555,0,5.8
4776,9555,0,94.2
4711,9556,0,100
4711,9556,2,100
4711,9562,0,99.25
4921,9562,0,0.75
4711,9562,2,100
4921,9565,0,100
4921,9565,2,100
4921,9565,3,100
4921,9565,4,100
4921,9565,5,100
4761,9573,0,100
3392,9601,0,0.56
3393,9601,0,43.82
3394,9601,0,3.93
3395,9601,0,51.69
3392,9602,0,99.41
3393,9602,0,0.59
3392,9602,2,100
3393,9604,0,100
3393,9604,1,30.56
3405,9604,1,34.72
3407,9604,1,34.72
3393,9604,2,100
3395,9606,0,100
3394,9607,0,100
3393,9608,0,1
3395,9608,0,99
3394,9612,0,100
3392,9613,0,2.76
3394,9613,0,97.24
3394,9614,0,89.13
3395,9614,0,10.87
3379,9615,0,1.92
3394,9615,0,3.85
3395,9615,0,94.23
3374,9620,0,68.24
3375,9620,0,3.5
3378,9620,0,0.13
3379,9620,0,27.86
3395,9620,0,0.27
3375,9621,0,99.72
3395,9621,0,0.28
3379,9622,0,100
3378,9630,0,1.26
3379,9630,0,98.74
3379,9631,0,100
3352,9633,0,2.05
3360,9633,0,1.02
3372,9633,0,93.17
3379,9633,0,3.75
3372,9633,2,100
3352,9642,0,99.89
3379,9642,0,0.11
3352,9643,0,12.5
3360,9643,0,87.5
3360,9650,0,100
3360,9651,0,100
3360,9652,0,100
3360,9655,0,100
3359,9656,0,100
3359,9657,0,100
3272,9658,0,0.17
3273,9658,0,0.17
3359,9658,0,99.66